,participant_id,language,duration,congruency,color,response_time,response_correct
0,4dedb84c,EN,long,0.0,blue,2.2826643000007607,1.0
1,4dedb84c,EN,long,1.0,red,0.6458416000095895,1.0
2,4dedb84c,TR,long,0.0,blue,1.3270883000077447,1.0
3,4dedb84c,TR,long,1.0,green,0.4835947000101441,1.0
4,4dedb84c,EN,long,1.0,green,0.649838199999067,1.0
5,4dedb84c,EN,long,0.0,green,0.9089727000100538,1.0
6,4dedb84c,TR,long,1.0,red,0.6618935000005877,1.0
7,4dedb84c,TR,long,0.0,green,0.6015459000045666,1.0
8,4dedb84c,TR,long,0.0,red,1.2031311000027929,1.0
9,4dedb84c,TR,long,1.0,blue,0.8305314000026556,1.0
10,4dedb84c,EN,long,1.0,blue,0.5639737000019522,1.0
11,4dedb84c,EN,long,0.0,red,0.5981560999935027,1.0
12,4dedb84c,TR,long,0.0,green,0.8914922999974806,1.0
13,4dedb84c,EN,long,0.0,green,0.9874717999919084,1.0
14,4dedb84c,TR,long,1.0,green,0.5492625000042608,1.0
15,4dedb84c,EN,long,1.0,green,0.5618886000011116,1.0
16,4dedb84c,TR,long,0.0,blue,1.4551279000006616,1.0
17,4dedb84c,TR,long,0.0,red,0.5252478000038536,1.0
18,4dedb84c,TR,long,1.0,blue,0.8184236000088276,1.0
19,4dedb84c,EN,long,0.0,red,1.4671369999996386,1.0
20,4dedb84c,EN,long,1.0,blue,0.5569331000006059,1.0
21,4dedb84c,EN,long,1.0,red,1.1035781000100542,1.0
22,4dedb84c,TR,long,1.0,red,0.5019708999898285,1.0
23,4dedb84c,EN,long,0.0,blue,0.6726390000112588,1.0
24,4dedb84c,TR,long,1.0,red,0.5634202000073856,1.0
25,4dedb84c,TR,long,0.0,green,0.683020900003612,1.0
26,4dedb84c,TR,long,0.0,blue,0.8371071000001393,1.0
27,4dedb84c,EN,long,0.0,blue,0.6000303999899188,1.0
28,4dedb84c,EN,long,1.0,green,0.8746700000046985,1.0
29,4dedb84c,EN,long,0.0,red,1.3287169000104768,1.0
30,4dedb84c,TR,long,1.0,green,1.3990781000029529,1.0
31,4dedb84c,EN,long,1.0,red,0.8583897000062279,1.0
32,4dedb84c,EN,long,0.0,green,0.6059155000111787,1.0
33,4dedb84c,EN,long,1.0,blue,1.2334746999986237,1.0
34,4dedb84c,TR,long,0.0,red,0.8131388999900082,1.0
35,4dedb84c,TR,long,1.0,blue,0.6351882000017213,1.0
36,4dedb84c,EN,long,1.0,red,2.178208100012853,1.0
37,4dedb84c,TR,long,0.0,blue,1.0725743000075454,1.0
38,4dedb84c,TR,long,0.0,green,0.7192110000032699,1.0
39,4dedb84c,TR,long,1.0,blue,0.5915307999966899,1.0
40,4dedb84c,TR,long,1.0,red,1.1889477999939118,1.0
41,4dedb84c,TR,long,0.0,red,0.5728096000093501,1.0
42,4dedb84c,EN,long,0.0,green,0.6431338999973377,1.0
43,4dedb84c,TR,long,1.0,green,0.5714134999871021,1.0
44,4dedb84c,EN,long,1.0,blue,0.3634394999971846,1.0
45,4dedb84c,EN,long,1.0,green,0.5453818999958457,1.0
46,4dedb84c,EN,long,0.0,blue,0.6956874000024982,1.0
47,4dedb84c,EN,long,0.0,red,0.646895099998801,1.0
48,4dedb84c,EN,long,1.0,blue,0.6074866999988444,1.0
49,4dedb84c,EN,long,0.0,green,0.5102486999967368,1.0
50,4dedb84c,EN,long,0.0,blue,0.6264164000021992,1.0
51,4dedb84c,TR,long,0.0,red,0.3675151000061305,1.0
52,4dedb84c,TR,long,0.0,green,0.7598971999977948,1.0
53,4dedb84c,EN,long,1.0,red,0.7034294000040973,1.0
54,4dedb84c,TR,long,1.0,green,1.3861281999998027,1.0
55,4dedb84c,TR,long,1.0,red,0.6347674999997253,1.0
56,4dedb84c,TR,long,0.0,blue,0.5401491999946302,1.0
57,4dedb84c,TR,long,1.0,blue,0.4091856000013649,1.0
58,4dedb84c,EN,long,1.0,green,0.5370354000042425,1.0
59,4dedb84c,EN,long,0.0,red,0.7135060000000522,1.0
60,4dedb84c,TR,short,1.0,red,0.4289709000004222,1.0
61,4dedb84c,TR,short,0.0,green,8.039564299993799,1.0
62,4dedb84c,TR,short,0.0,blue,1.6917799999937415,1.0
63,4dedb84c,EN,short,0.0,blue,0.9891399000043748,1.0
64,4dedb84c,EN,short,1.0,blue,0.4793752999976277,1.0
65,4dedb84c,TR,short,1.0,blue,0.440281999995932,1.0
66,4dedb84c,EN,short,0.0,green,0.6732172000047285,1.0
67,4dedb84c,EN,short,1.0,green,0.5475276000070153,1.0
68,4dedb84c,TR,short,0.0,red,0.5287932999926852,1.0
69,4dedb84c,EN,short,1.0,red,0.5734766000095988,1.0
70,4dedb84c,TR,short,1.0,green,0.6968645000015385,1.0
71,4dedb84c,EN,short,0.0,red,0.9202266999927816,1.0
72,4dedb84c,TR,short,1.0,green,0.6531699999904959,1.0
73,4dedb84c,EN,short,1.0,green,0.6459066999959759,1.0
74,4dedb84c,EN,short,0.0,red,0.8007195000100182,1.0
75,4dedb84c,EN,short,0.0,blue,0.7014292999956524,1.0
76,4dedb84c,TR,short,1.0,red,0.523176800008514,1.0
77,4dedb84c,TR,short,0.0,green,0.66138669999782,1.0
78,4dedb84c,EN,short,0.0,green,0.7450984000024619,1.0
79,4dedb84c,EN,short,1.0,blue,0.5865202999993926,1.0
80,4dedb84c,TR,short,1.0,blue,0.3815546999976504,1.0
81,4dedb84c,EN,short,1.0,red,0.5800980000058189,1.0
82,4dedb84c,TR,short,0.0,blue,0.5441298999940045,1.0
83,4dedb84c,TR,short,0.0,red,0.4883421999984421,1.0
84,4dedb84c,TR,short,1.0,red,0.9076556000072742,1.0
85,4dedb84c,TR,short,0.0,blue,0.3417914999881759,1.0
86,4dedb84c,EN,short,0.0,blue,0.8128711000026669,0.0
87,4dedb84c,EN,short,1.0,blue,0.8599281999922823,1.0
88,4dedb84c,EN,short,1.0,green,0.5927418999926886,1.0
89,4dedb84c,EN,short,0.0,green,0.410659700006363,1.0
90,4dedb84c,EN,short,0.0,red,0.6232844999904046,1.0
91,4dedb84c,TR,short,1.0,blue,0.7919779999938328,1.0
92,4dedb84c,EN,short,1.0,red,0.6033386000053724,1.0
93,4dedb84c,TR,short,1.0,green,0.8529245999961859,1.0
94,4dedb84c,TR,short,0.0,red,0.6112943999905838,1.0
95,4dedb84c,TR,short,0.0,green,0.6944875999906799,1.0
96,4dedb84c,EN,short,1.0,green,0.4356638000026578,1.0
97,4dedb84c,EN,short,1.0,red,0.578162899997551,1.0
98,4dedb84c,TR,short,0.0,green,1.423797999988892,1.0
99,4dedb84c,EN,short,0.0,blue,0.7171872000035364,1.0
100,4dedb84c,TR,short,1.0,blue,0.434050700001535,1.0
101,4dedb84c,TR,short,0.0,red,0.5298923000082141,1.0
102,4dedb84c,TR,short,0.0,blue,1.0898285000002943,1.0
103,4dedb84c,EN,short,0.0,green,0.5736144999973476,1.0
104,4dedb84c,EN,short,1.0,blue,0.6568259999912698,1.0
105,4dedb84c,TR,short,1.0,green,0.8900076999998419,1.0
106,4dedb84c,TR,short,1.0,red,0.5341626000008546,1.0
107,4dedb84c,EN,short,0.0,red,0.6271393000060925,1.0
108,4dedb84c,TR,short,0.0,red,0.4316521000000648,1.0
109,4dedb84c,TR,short,1.0,red,0.5395084000047063,1.0
110,4dedb84c,TR,short,1.0,green,0.6336449000082212,1.0
111,4dedb84c,TR,short,1.0,blue,0.4218092999944929,1.0
112,4dedb84c,TR,short,0.0,blue,0.3342452000069897,1.0
113,4dedb84c,EN,short,1.0,red,0.440995799988741,1.0
114,4dedb84c,EN,short,1.0,green,0.6723559999954887,1.0
115,4dedb84c,EN,short,0.0,red,0.6883701000042493,1.0
116,4dedb84c,EN,short,0.0,blue,0.5330765000107931,1.0
117,4dedb84c,EN,short,0.0,green,0.5842145000060555,1.0
118,4dedb84c,EN,short,1.0,blue,0.5207058999949368,0.0
119,4dedb84c,TR,short,0.0,green,1.192239799987874,1.0
120,fabecb6b,EN,long,0.0,green,0.6759,1.0
121,fabecb6b,EN,long,1.0,red,0.7341,1.0
122,fabecb6b,TR,long,0.0,red,1.1198,1.0
123,fabecb6b,TR,long,1.0,red,0.5025,1.0
124,fabecb6b,EN,long,1.0,blue,0.8104,1.0
125,fabecb6b,EN,long,0.0,red,0.6331,1.0
126,fabecb6b,TR,long,0.0,blue,0.9038,1.0
127,fabecb6b,EN,long,1.0,green,0.5359,1.0
128,fabecb6b,TR,long,0.0,green,0.5252,1.0
129,fabecb6b,TR,long,1.0,blue,0.4292,1.0
130,fabecb6b,EN,long,0.0,blue,0.562,1.0
131,fabecb6b,TR,long,1.0,green,0.499,1.0
132,fabecb6b,EN,long,0.0,red,0.5473,0.0
133,fabecb6b,TR,long,1.0,red,0.7796,1.0
134,fabecb6b,TR,long,0.0,green,0.891,1.0
135,fabecb6b,EN,long,1.0,green,0.567,1.0
136,fabecb6b,EN,long,1.0,red,0.4665,1.0
137,fabecb6b,TR,long,1.0,green,0.6902,1.0
138,fabecb6b,EN,long,0.0,green,0.7969,1.0
139,fabecb6b,EN,long,1.0,blue,0.4976,1.0
140,fabecb6b,EN,long,0.0,blue,0.7733,0.0
141,fabecb6b,TR,long,0.0,red,1.4146,1.0
142,fabecb6b,TR,long,0.0,blue,0.9058,1.0
143,fabecb6b,TR,long,1.0,blue,0.4288,1.0
144,fabecb6b,EN,long,1.0,green,0.4423,1.0
145,fabecb6b,EN,long,0.0,blue,0.4681,1.0
146,fabecb6b,TR,long,0.0,blue,0.4219,0.0
147,fabecb6b,EN,long,0.0,green,0.749,0.0
148,fabecb6b,EN,long,0.0,red,0.9461,0.0
149,fabecb6b,EN,long,1.0,blue,0.6084,1.0
150,fabecb6b,TR,long,0.0,green,0.8469,1.0
151,fabecb6b,TR,long,1.0,blue,0.5562,1.0
152,fabecb6b,TR,long,0.0,red,0.8672,1.0
153,fabecb6b,EN,long,1.0,red,0.4814,1.0
154,fabecb6b,TR,long,1.0,green,0.5636,1.0
155,fabecb6b,TR,long,1.0,red,0.7562,1.0
156,fabecb6b,TR,long,1.0,red,0.4255,1.0
157,fabecb6b,EN,long,1.0,green,0.4813,1.0
158,fabecb6b,EN,long,1.0,red,0.4812,1.0
159,fabecb6b,TR,long,1.0,blue,0.4861,1.0
160,fabecb6b,TR,long,0.0,blue,0.5074,1.0
161,fabecb6b,EN,long,0.0,red,0.5981,1.0
162,fabecb6b,TR,long,0.0,red,0.4827,1.0
163,fabecb6b,EN,long,0.0,blue,0.5005,1.0
164,fabecb6b,TR,long,0.0,green,0.3765,1.0
165,fabecb6b,TR,long,1.0,green,0.3244,1.0
166,fabecb6b,EN,long,0.0,green,0.3523,1.0
167,fabecb6b,EN,long,1.0,blue,0.5146,1.0
168,fabecb6b,TR,long,1.0,green,0.4965,1.0
169,fabecb6b,TR,long,1.0,blue,0.5608,1.0
170,fabecb6b,TR,long,0.0,blue,0.3433,0.0
171,fabecb6b,EN,long,0.0,red,0.9128,1.0
172,fabecb6b,EN,long,0.0,green,0.9268,1.0
173,fabecb6b,EN,long,1.0,red,0.5657,1.0
174,fabecb6b,TR,long,0.0,red,0.6929,1.0
175,fabecb6b,EN,long,1.0,blue,0.5358,1.0
176,fabecb6b,TR,long,0.0,green,0.4429,1.0
177,fabecb6b,EN,long,0.0,blue,0.637,1.0
178,fabecb6b,EN,long,1.0,green,0.5098,1.0
179,fabecb6b,TR,long,1.0,red,0.8126,1.0
180,fabecb6b,EN,short,0.0,red,0.3911,1.0
181,fabecb6b,EN,short,0.0,green,0.8173,1.0
182,fabecb6b,EN,short,1.0,green,0.4131,1.0
183,fabecb6b,EN,short,1.0,blue,0.3759,1.0
184,fabecb6b,EN,short,0.0,blue,0.3396,1.0
185,fabecb6b,TR,short,0.0,red,0.3537,1.0
186,fabecb6b,TR,short,1.0,red,0.2934,1.0
187,fabecb6b,TR,short,0.0,green,0.3178,1.0
188,fabecb6b,TR,short,1.0,blue,0.3528,1.0
189,fabecb6b,EN,short,1.0,red,0.5509,1.0
190,fabecb6b,TR,short,0.0,blue,0.4885,1.0
191,fabecb6b,TR,short,1.0,green,0.4139,1.0
192,fabecb6b,TR,short,1.0,blue,0.4347,1.0
193,fabecb6b,TR,short,0.0,blue,0.3827,1.0
194,fabecb6b,TR,short,0.0,green,0.4302,0.0
195,fabecb6b,EN,short,1.0,red,0.4925,1.0
196,fabecb6b,EN,short,1.0,blue,0.4927,1.0
197,fabecb6b,EN,short,0.0,red,0.4418,1.0
198,fabecb6b,TR,short,0.0,red,0.3527,1.0
199,fabecb6b,EN,short,0.0,green,0.3454,1.0
200,fabecb6b,EN,short,0.0,blue,0.311,1.0
201,fabecb6b,TR,short,1.0,green,0.3593,1.0
202,fabecb6b,TR,short,1.0,red,0.3422,1.0
203,fabecb6b,EN,short,1.0,green,0.4275,1.0
204,fabecb6b,TR,short,1.0,green,0.3778,1.0
205,fabecb6b,TR,short,0.0,red,0.3832,1.0
206,fabecb6b,EN,short,1.0,green,0.324,1.0
207,fabecb6b,EN,short,0.0,red,0.2784,1.0
208,fabecb6b,EN,short,1.0,red,0.2943,0.0
209,fabecb6b,TR,short,1.0,blue,0.6186,1.0
210,fabecb6b,TR,short,0.0,green,0.4415,0.0
211,fabecb6b,EN,short,0.0,blue,0.8585,0.0
212,fabecb6b,EN,short,0.0,green,1.0338,1.0
213,fabecb6b,TR,short,0.0,blue,0.6256,1.0
214,fabecb6b,TR,short,1.0,red,0.4923,1.0
215,fabecb6b,EN,short,1.0,blue,0.5114,1.0
216,fabecb6b,TR,short,0.0,red,0.5196,1.0
217,fabecb6b,TR,short,0.0,green,0.8252,1.0
218,fabecb6b,TR,short,1.0,green,0.509,1.0
219,fabecb6b,TR,short,1.0,red,0.4773,1.0
220,fabecb6b,EN,short,0.0,green,0.4254,1.0
221,fabecb6b,EN,short,0.0,blue,0.8925,1.0
222,fabecb6b,EN,short,0.0,red,0.612,1.0
223,fabecb6b,EN,short,1.0,blue,0.5781,1.0
224,fabecb6b,TR,short,0.0,blue,0.5349,1.0
225,fabecb6b,EN,short,1.0,red,0.5193,1.0
226,fabecb6b,TR,short,1.0,blue,0.5182,1.0
227,fabecb6b,EN,short,1.0,green,0.5638,1.0
228,fabecb6b,TR,short,0.0,blue,0.5068,1.0
229,fabecb6b,EN,short,0.0,blue,0.5156,1.0
230,fabecb6b,EN,short,0.0,green,0.7186,1.0
231,fabecb6b,EN,short,0.0,red,0.3929,1.0
232,fabecb6b,TR,short,1.0,red,0.3639,1.0
233,fabecb6b,EN,short,1.0,blue,0.6332,1.0
234,fabecb6b,EN,short,1.0,green,0.7354,1.0
235,fabecb6b,TR,short,1.0,green,0.4422,1.0
236,fabecb6b,TR,short,0.0,red,0.5923,1.0
237,fabecb6b,TR,short,1.0,blue,0.5025,1.0
238,fabecb6b,EN,short,1.0,red,0.5438,1.0
239,fabecb6b,TR,short,0.0,green,0.6089,1.0
240,e4ac8018,EN,long,1.0,red,1.578,1.0
241,e4ac8018,TR,long,0.0,red,0.657,1.0
242,e4ac8018,EN,long,1.0,blue,1.522,1.0
243,e4ac8018,TR,long,0.0,green,1.207,1.0
244,e4ac8018,TR,long,0.0,blue,0.807,1.0
245,e4ac8018,TR,long,1.0,red,0.586,1.0
246,e4ac8018,EN,long,0.0,red,0.525,1.0
247,e4ac8018,TR,long,1.0,blue,0.65,1.0
248,e4ac8018,EN,long,0.0,green,0.447,1.0
249,e4ac8018,TR,long,1.0,green,0.582,1.0
250,e4ac8018,EN,long,0.0,blue,0.613,1.0
251,e4ac8018,EN,long,1.0,green,0.546,1.0
252,e4ac8018,EN,long,0.0,blue,0.666,1.0
253,e4ac8018,EN,long,0.0,red,0.547,1.0
254,e4ac8018,EN,long,1.0,red,0.486,1.0
255,e4ac8018,EN,long,0.0,green,0.611,1.0
256,e4ac8018,TR,long,1.0,red,0.681,1.0
257,e4ac8018,EN,long,1.0,blue,1.001,1.0
258,e4ac8018,EN,long,1.0,green,0.57,1.0
259,e4ac8018,TR,long,1.0,blue,0.612,1.0
260,e4ac8018,TR,long,0.0,blue,0.53,1.0
261,e4ac8018,TR,long,1.0,green,0.375,0.0
262,e4ac8018,TR,long,0.0,red,0.997,1.0
263,e4ac8018,TR,long,0.0,green,1.356,1.0
264,e4ac8018,TR,long,1.0,blue,0.716,1.0
265,e4ac8018,TR,long,1.0,red,0.811,1.0
266,e4ac8018,TR,long,0.0,green,0.727,1.0
267,e4ac8018,EN,long,1.0,green,0.572,1.0
268,e4ac8018,TR,long,1.0,green,0.558,1.0
269,e4ac8018,EN,long,0.0,red,0.817,1.0
270,e4ac8018,EN,long,1.0,blue,0.826,1.0
271,e4ac8018,TR,long,0.0,red,0.976,1.0
272,e4ac8018,EN,long,0.0,blue,0.662,1.0
273,e4ac8018,EN,long,1.0,red,0.642,1.0
274,e4ac8018,EN,long,0.0,green,0.595,1.0
275,e4ac8018,TR,long,0.0,blue,1.371,1.0
276,e4ac8018,EN,long,1.0,blue,0.719,0.0
277,e4ac8018,TR,long,1.0,red,0.613,1.0
278,e4ac8018,TR,long,1.0,green,0.656,1.0
279,e4ac8018,TR,long,0.0,red,0.973,1.0
280,e4ac8018,EN,long,0.0,green,0.678,1.0
281,e4ac8018,EN,long,1.0,red,0.783,1.0
282,e4ac8018,EN,long,1.0,green,0.644,1.0
283,e4ac8018,EN,long,0.0,blue,0.676,1.0
284,e4ac8018,TR,long,0.0,green,0.586,1.0
285,e4ac8018,TR,long,1.0,blue,1.494,1.0
286,e4ac8018,TR,long,0.0,blue,0.718,1.0
287,e4ac8018,EN,long,0.0,red,1.302,1.0
288,e4ac8018,EN,long,0.0,blue,1.097,1.0
289,e4ac8018,TR,long,1.0,red,0.957,1.0
290,e4ac8018,EN,long,1.0,green,0.602,1.0
291,e4ac8018,TR,long,0.0,blue,0.701,1.0
292,e4ac8018,TR,long,0.0,green,0.664,1.0
293,e4ac8018,EN,long,1.0,red,0.634,1.0
294,e4ac8018,TR,long,0.0,red,0.597,1.0
295,e4ac8018,TR,long,1.0,green,0.615,1.0
296,e4ac8018,EN,long,0.0,green,0.523,1.0
297,e4ac8018,EN,long,0.0,red,1.967,1.0
298,e4ac8018,EN,long,1.0,blue,0.864,1.0
299,e4ac8018,TR,long,1.0,blue,0.687,1.0
300,e4ac8018,TR,short,0.0,green,30.002,1.0
301,e4ac8018,EN,short,0.0,red,1.407,1.0
302,e4ac8018,TR,short,1.0,blue,1.394,1.0
303,e4ac8018,TR,short,1.0,green,0.763,1.0
304,e4ac8018,TR,short,0.0,red,1.029,1.0
305,e4ac8018,EN,short,1.0,green,0.861,1.0
306,e4ac8018,TR,short,0.0,blue,0.875,1.0
307,e4ac8018,EN,short,1.0,red,1.015,1.0
308,e4ac8018,EN,short,0.0,green,0.685,1.0
309,e4ac8018,TR,short,1.0,red,0.966,1.0
310,e4ac8018,EN,short,1.0,blue,0.796,1.0
311,e4ac8018,EN,short,0.0,blue,0.838,1.0
312,e4ac8018,TR,short,0.0,blue,0.861,1.0
313,e4ac8018,TR,short,0.0,red,0.09,0.0
314,e4ac8018,EN,short,1.0,red,1.701,1.0
315,e4ac8018,EN,short,1.0,green,0.919,1.0
316,e4ac8018,TR,short,1.0,green,0.734,1.0
317,e4ac8018,EN,short,1.0,blue,0.784,1.0
318,e4ac8018,EN,short,0.0,green,1.19,1.0
319,e4ac8018,EN,short,0.0,red,0.956,1.0
320,e4ac8018,TR,short,1.0,red,0.773,1.0
321,e4ac8018,EN,short,0.0,blue,0.758,1.0
322,e4ac8018,TR,short,0.0,green,1.611,1.0
323,e4ac8018,TR,short,1.0,blue,1.086,1.0
324,e4ac8018,EN,short,0.0,red,1.071,1.0
325,e4ac8018,TR,short,1.0,blue,1.335,1.0
326,e4ac8018,TR,short,1.0,red,0.805,1.0
327,e4ac8018,EN,short,1.0,blue,0.724,1.0
328,e4ac8018,TR,short,1.0,green,0.69,1.0
329,e4ac8018,EN,short,1.0,green,0.661,1.0
330,e4ac8018,EN,short,1.0,red,0.74,1.0
331,e4ac8018,TR,short,0.0,blue,0.625,1.0
332,e4ac8018,TR,short,0.0,green,3.118,1.0
333,e4ac8018,TR,short,0.0,red,0.793,1.0
334,e4ac8018,EN,short,0.0,green,0.86,1.0
335,e4ac8018,EN,short,0.0,blue,0.698,1.0
336,e4ac8018,EN,short,0.0,red,0.725,1.0
337,e4ac8018,TR,short,0.0,blue,0.741,1.0
338,e4ac8018,EN,short,1.0,blue,1.944,1.0
339,e4ac8018,TR,short,1.0,red,0.664,1.0
340,e4ac8018,TR,short,1.0,blue,0.866,1.0
341,e4ac8018,TR,short,0.0,red,0.785,1.0
342,e4ac8018,TR,short,1.0,green,0.833,1.0
343,e4ac8018,EN,short,1.0,green,0.764,1.0
344,e4ac8018,EN,short,0.0,green,0.765,1.0
345,e4ac8018,EN,short,0.0,blue,1.727,1.0
346,e4ac8018,TR,short,0.0,green,0.728,1.0
347,e4ac8018,EN,short,1.0,red,1.584,1.0
348,e4ac8018,EN,short,0.0,green,1.833,1.0
349,e4ac8018,TR,short,0.0,green,0.886,1.0
350,e4ac8018,EN,short,1.0,blue,1.025,1.0
351,e4ac8018,TR,short,1.0,blue,0.669,1.0
352,e4ac8018,TR,short,0.0,red,0.272,0.0
353,e4ac8018,TR,short,0.0,blue,1.158,1.0
354,e4ac8018,EN,short,1.0,green,1.39,1.0
355,e4ac8018,EN,short,0.0,red,0.94,1.0
356,e4ac8018,TR,short,1.0,green,1.285,1.0
357,e4ac8018,EN,short,1.0,red,0.685,1.0
358,e4ac8018,TR,short,1.0,red,0.705,1.0
359,e4ac8018,EN,short,0.0,blue,0.881,1.0
360,95adb505,TR,long,0.0,red,1.9273,1.0
361,95adb505,EN,long,1.0,red,1.6856,1.0
362,95adb505,TR,long,1.0,red,1.0551,1.0
363,95adb505,EN,long,0.0,blue,2.7954,1.0
364,95adb505,TR,long,1.0,green,1.6752,1.0
365,95adb505,EN,long,0.0,green,2.6949,1.0
366,95adb505,EN,long,0.0,red,1.7943,1.0
367,95adb505,TR,long,0.0,green,2.2065,1.0
368,95adb505,TR,long,1.0,blue,1.6333,1.0
369,95adb505,TR,long,0.0,blue,1.4882,1.0
370,95adb505,EN,long,1.0,blue,1.1762,1.0
371,95adb505,EN,long,1.0,green,1.0088,1.0
372,95adb505,TR,long,0.0,green,0.9662,1.0
373,95adb505,EN,long,0.0,red,0.9933,1.0
374,95adb505,EN,long,1.0,red,0.934,1.0
375,95adb505,EN,long,0.0,green,0.9755,1.0
376,95adb505,TR,long,1.0,green,0.6029,1.0
377,95adb505,TR,long,0.0,blue,0.7392,1.0
378,95adb505,TR,long,1.0,blue,0.5854,1.0
379,95adb505,EN,long,1.0,green,0.7186,1.0
380,95adb505,EN,long,0.0,blue,0.9782,1.0
381,95adb505,TR,long,1.0,red,1.0672,1.0
382,95adb505,EN,long,1.0,blue,0.7757,1.0
383,95adb505,TR,long,0.0,red,1.0687,1.0
384,95adb505,EN,long,1.0,red,0.7002,1.0
385,95adb505,TR,long,1.0,red,0.9839,1.0
386,95adb505,EN,long,1.0,blue,1.0641,1.0
387,95adb505,TR,long,1.0,blue,0.6752,1.0
388,95adb505,EN,long,1.0,green,0.58,1.0
389,95adb505,TR,long,0.0,green,0.919,1.0
390,95adb505,TR,long,1.0,green,0.6088,1.0
391,95adb505,EN,long,0.0,blue,1.1721,1.0
392,95adb505,EN,long,0.0,red,0.9589,1.0
393,95adb505,TR,long,0.0,blue,1.0302,1.0
394,95adb505,TR,long,0.0,red,0.8507,1.0
395,95adb505,EN,long,0.0,green,1.6426,1.0
396,95adb505,TR,long,1.0,blue,0.633,1.0
397,95adb505,EN,long,0.0,blue,1.0355,1.0
398,95adb505,EN,long,1.0,red,0.8775,1.0
399,95adb505,EN,long,1.0,blue,0.843,1.0
400,95adb505,EN,long,0.0,green,0.8134,1.0
401,95adb505,TR,long,0.0,green,0.901,1.0
402,95adb505,EN,long,1.0,green,0.7345,1.0
403,95adb505,TR,long,0.0,blue,0.7959,1.0
404,95adb505,TR,long,1.0,green,0.955,1.0
405,95adb505,EN,long,0.0,red,0.4087,1.0
406,95adb505,TR,long,1.0,red,0.5755,1.0
407,95adb505,TR,long,0.0,red,0.8185,1.0
408,95adb505,TR,long,0.0,green,0.5988,1.0
409,95adb505,TR,long,1.0,red,0.6205,1.0
410,95adb505,EN,long,1.0,red,0.3863,1.0
411,95adb505,TR,long,1.0,blue,0.6893,1.0
412,95adb505,EN,long,1.0,green,0.6271,1.0
413,95adb505,TR,long,0.0,red,0.5812,1.0
414,95adb505,EN,long,0.0,green,1.3176,1.0
415,95adb505,TR,long,0.0,blue,0.6759,1.0
416,95adb505,EN,long,0.0,blue,0.4105,1.0
417,95adb505,EN,long,1.0,blue,0.453,1.0
418,95adb505,EN,long,0.0,red,0.7515,1.0
419,95adb505,TR,long,1.0,green,0.5604,1.0
420,95adb505,TR,short,0.0,red,17.3509,0.0
421,95adb505,TR,short,1.0,green,4.7917,1.0
422,95adb505,EN,short,1.0,blue,0.8758,1.0
423,95adb505,TR,short,0.0,blue,1.3428,1.0
424,95adb505,EN,short,0.0,green,1.1941,1.0
425,95adb505,EN,short,0.0,red,0.4995,1.0
426,95adb505,TR,short,1.0,blue,0.6922,1.0
427,95adb505,TR,short,0.0,green,0.9277,1.0
428,95adb505,EN,short,1.0,green,0.6925,1.0
429,95adb505,EN,short,1.0,red,0.4845,1.0
430,95adb505,EN,short,0.0,blue,0.6106,1.0
431,95adb505,TR,short,1.0,red,0.5113,1.0
432,95adb505,EN,short,0.0,red,2.8673,1.0
433,95adb505,EN,short,0.0,green,1.0841,1.0
434,95adb505,EN,short,0.0,blue,1.2492,1.0
435,95adb505,TR,short,0.0,green,0.6756,1.0
436,95adb505,TR,short,1.0,green,0.5342,1.0
437,95adb505,TR,short,1.0,blue,0.4426,1.0
438,95adb505,TR,short,0.0,blue,0.5588,1.0
439,95adb505,TR,short,1.0,red,0.3595,1.0
440,95adb505,EN,short,1.0,red,0.4823,1.0
441,95adb505,EN,short,1.0,green,0.8189,1.0
442,95adb505,EN,short,1.0,blue,0.4674,1.0
443,95adb505,TR,short,0.0,red,0.4757,1.0
444,95adb505,TR,short,0.0,blue,1.0464,0.0
445,95adb505,EN,short,1.0,blue,1.3623,1.0
446,95adb505,EN,short,1.0,red,0.7016,1.0
447,95adb505,EN,short,1.0,green,1.0583,1.0
448,95adb505,EN,short,0.0,blue,0.642,1.0
449,95adb505,TR,short,0.0,red,0.9684,1.0
450,95adb505,TR,short,1.0,green,0.6449,1.0
451,95adb505,TR,short,0.0,green,0.4998,1.0
452,95adb505,EN,short,0.0,red,0.4868,1.0
453,95adb505,TR,short,1.0,blue,0.5355,1.0
454,95adb505,EN,short,0.0,green,0.5446,1.0
455,95adb505,TR,short,1.0,red,0.3919,1.0
456,95adb505,EN,short,0.0,red,0.6841,1.0
457,95adb505,EN,short,1.0,green,0.8734,1.0
458,95adb505,TR,short,0.0,red,0.5533,1.0
459,95adb505,EN,short,1.0,red,0.4843,1.0
460,95adb505,EN,short,0.0,blue,0.9765,1.0
461,95adb505,EN,short,1.0,blue,0.578,1.0
462,95adb505,TR,short,1.0,blue,0.495,1.0
463,95adb505,EN,short,0.0,green,0.5275,1.0
464,95adb505,TR,short,1.0,red,0.4972,1.0
465,95adb505,TR,short,0.0,blue,0.7602,1.0
466,95adb505,TR,short,0.0,green,0.5631,1.0
467,95adb505,TR,short,1.0,green,0.4345,1.0
468,95adb505,EN,short,1.0,blue,0.6134,1.0
469,95adb505,EN,short,0.0,blue,0.8343,1.0
470,95adb505,TR,short,1.0,red,0.4803,1.0
471,95adb505,EN,short,0.0,green,0.37,1.0
472,95adb505,EN,short,1.0,red,0.4355,1.0
473,95adb505,EN,short,1.0,green,0.9039,1.0
474,95adb505,TR,short,0.0,green,0.4922,1.0
475,95adb505,EN,short,0.0,red,0.5196,1.0
476,95adb505,TR,short,1.0,blue,0.5935,1.0
477,95adb505,TR,short,0.0,red,0.9535,1.0
478,95adb505,TR,short,1.0,green,0.5752,1.0
479,95adb505,TR,short,0.0,blue,0.4656,1.0
480,564962b9,TR,long,1.0,blue,1.941,1.0
481,564962b9,TR,long,0.0,blue,1.719,1.0
482,564962b9,TR,long,1.0,red,1.212,1.0
483,564962b9,EN,long,1.0,red,1.161,1.0
484,564962b9,EN,long,1.0,blue,1.409,1.0
485,564962b9,EN,long,1.0,green,1.427,1.0
486,564962b9,TR,long,0.0,green,1.328,1.0
487,564962b9,EN,long,0.0,green,1.41,0.0
488,564962b9,TR,long,1.0,green,2.196,1.0
489,564962b9,EN,long,0.0,blue,1.277,1.0
490,564962b9,TR,long,0.0,red,2.16,1.0
491,564962b9,EN,long,0.0,red,1.834,1.0
492,564962b9,EN,long,1.0,green,1.167,1.0
493,564962b9,EN,long,1.0,red,0.762,1.0
494,564962b9,TR,long,0.0,blue,1.868,1.0
495,564962b9,TR,long,0.0,red,2.126,1.0
496,564962b9,EN,long,0.0,green,1.511,1.0
497,564962b9,TR,long,1.0,red,0.731,1.0
498,564962b9,TR,long,1.0,green,0.519,1.0
499,564962b9,TR,long,0.0,green,1.417,1.0
500,564962b9,TR,long,1.0,blue,1.385,1.0
501,564962b9,EN,long,0.0,blue,0.767,1.0
502,564962b9,EN,long,0.0,red,2.046,1.0
503,564962b9,EN,long,1.0,blue,1.147,1.0
504,564962b9,EN,long,0.0,red,1.098,1.0
505,564962b9,TR,long,0.0,blue,4.997,1.0
506,564962b9,TR,long,1.0,red,1.111,1.0
507,564962b9,TR,long,0.0,green,0.948,1.0
508,564962b9,EN,long,0.0,green,2.143,1.0
509,564962b9,TR,long,0.0,red,2.034,1.0
510,564962b9,TR,long,1.0,green,1.444,1.0
511,564962b9,EN,long,1.0,red,1.261,1.0
512,564962b9,EN,long,0.0,blue,1.228,1.0
513,564962b9,EN,long,1.0,blue,0.711,1.0
514,564962b9,EN,long,1.0,green,0.783,1.0
515,564962b9,TR,long,1.0,blue,0.844,1.0
516,564962b9,EN,long,0.0,green,1.078,1.0
517,564962b9,TR,long,0.0,red,2.316,1.0
518,564962b9,EN,long,1.0,blue,2.361,1.0
519,564962b9,TR,long,0.0,blue,0.977,1.0
520,564962b9,EN,long,1.0,green,2.511,1.0
521,564962b9,EN,long,0.0,blue,3.831,1.0
522,564962b9,TR,long,1.0,green,0.93,1.0
523,564962b9,TR,long,1.0,blue,1.334,1.0
524,564962b9,TR,long,0.0,green,0.778,1.0
525,564962b9,TR,long,1.0,red,0.513,1.0
526,564962b9,EN,long,1.0,red,0.566,1.0
527,564962b9,EN,long,0.0,red,0.622,1.0
528,564962b9,EN,long,1.0,green,0.698,1.0
529,564962b9,EN,long,0.0,red,0.561,1.0
530,564962b9,TR,long,1.0,red,0.798,1.0
531,564962b9,TR,long,1.0,blue,0.943,1.0
532,564962b9,EN,long,0.0,green,5.562,1.0
533,564962b9,TR,long,0.0,blue,2.111,1.0
534,564962b9,TR,long,1.0,green,8.354,1.0
535,564962b9,EN,long,1.0,blue,1.794,1.0
536,564962b9,EN,long,0.0,blue,1.218,1.0
537,564962b9,EN,long,1.0,red,1.433,1.0
538,564962b9,TR,long,0.0,red,0.878,1.0
539,564962b9,TR,long,0.0,green,0.747,1.0
540,564962b9,EN,short,0.0,green,0.865,1.0
541,564962b9,EN,short,1.0,red,2.581,1.0
542,564962b9,TR,short,1.0,green,1.775,1.0
543,564962b9,EN,short,0.0,blue,0.769,1.0
544,564962b9,TR,short,0.0,red,1.078,1.0
545,564962b9,TR,short,1.0,blue,4.331,1.0
546,564962b9,TR,short,1.0,red,1.01,1.0
547,564962b9,EN,short,1.0,blue,1.163,1.0
548,564962b9,EN,short,1.0,green,0.665,1.0
549,564962b9,TR,short,0.0,green,1.414,1.0
550,564962b9,TR,short,0.0,blue,1.797,1.0
551,564962b9,EN,short,0.0,red,0.747,1.0
552,564962b9,TR,short,0.0,red,0.527,1.0
553,564962b9,EN,short,0.0,blue,0.914,1.0
554,564962b9,EN,short,0.0,green,0.511,1.0
555,564962b9,TR,short,0.0,blue,0.897,1.0
556,564962b9,TR,short,1.0,green,0.664,1.0
557,564962b9,TR,short,0.0,green,0.861,1.0
558,564962b9,TR,short,1.0,blue,1.403,1.0
559,564962b9,EN,short,0.0,red,1.011,1.0
560,564962b9,EN,short,1.0,blue,1.081,1.0
561,564962b9,TR,short,1.0,red,0.644,1.0
562,564962b9,EN,short,1.0,red,0.494,1.0
563,564962b9,EN,short,1.0,green,0.531,1.0
564,564962b9,EN,short,1.0,blue,0.547,1.0
565,564962b9,TR,short,0.0,blue,2.153,1.0
566,564962b9,EN,short,0.0,blue,0.59,1.0
567,564962b9,EN,short,0.0,red,0.915,0.0
568,564962b9,TR,short,1.0,blue,1.647,1.0
569,564962b9,TR,short,1.0,green,1.129,1.0
570,564962b9,TR,short,1.0,red,0.996,1.0
571,564962b9,TR,short,0.0,green,0.988,1.0
572,564962b9,EN,short,0.0,green,0.646,1.0
573,564962b9,TR,short,0.0,red,4.761,1.0
574,564962b9,EN,short,1.0,red,0.67,1.0
575,564962b9,EN,short,1.0,green,0.93,0.0
576,564962b9,EN,short,1.0,blue,1.38,1.0
577,564962b9,EN,short,1.0,green,1.358,1.0
578,564962b9,TR,short,1.0,green,0.95,1.0
579,564962b9,TR,short,0.0,blue,1.349,1.0
580,564962b9,EN,short,0.0,blue,3.721,1.0
581,564962b9,EN,short,0.0,green,1.178,1.0
582,564962b9,EN,short,0.0,red,1.233,1.0
583,564962b9,EN,short,1.0,red,0.965,1.0
584,564962b9,TR,short,0.0,red,1.294,1.0
585,564962b9,TR,short,1.0,red,0.72,1.0
586,564962b9,TR,short,1.0,blue,2.095,1.0
587,564962b9,TR,short,0.0,green,2.578,1.0
588,564962b9,TR,short,0.0,red,3.915,1.0
589,564962b9,TR,short,1.0,blue,1.172,1.0
590,564962b9,EN,short,1.0,green,1.362,1.0
591,564962b9,TR,short,0.0,green,1.745,0.0
592,564962b9,TR,short,1.0,green,0.878,1.0
593,564962b9,TR,short,0.0,blue,2.797,1.0
594,564962b9,EN,short,1.0,red,0.75,0.0
595,564962b9,EN,short,0.0,blue,2.595,1.0
596,564962b9,EN,short,1.0,blue,0.576,1.0
597,564962b9,EN,short,0.0,green,0.979,1.0
598,564962b9,TR,short,1.0,red,5.42,1.0
599,564962b9,EN,short,0.0,red,0.836,0.0
600,92202ed4,EN,long,0.0,blue,2.833,0.0
601,92202ed4,EN,long,1.0,red,1.106,1.0
602,92202ed4,TR,long,1.0,blue,0.755,1.0
603,92202ed4,TR,long,1.0,green,0.906,1.0
604,92202ed4,TR,long,0.0,green,1.047,0.0
605,92202ed4,EN,long,1.0,blue,1.324,1.0
606,92202ed4,EN,long,0.0,red,0.817,0.0
607,92202ed4,EN,long,0.0,green,0.762,0.0
608,92202ed4,TR,long,1.0,red,1.018,1.0
609,92202ed4,TR,long,0.0,blue,0.656,0.0
610,92202ed4,TR,long,0.0,red,0.672,0.0
611,92202ed4,EN,long,1.0,green,0.683,1.0
612,92202ed4,EN,long,0.0,green,0.802,0.0
613,92202ed4,TR,long,0.0,blue,0.649,0.0
614,92202ed4,TR,long,1.0,red,0.64,1.0
615,92202ed4,TR,long,0.0,red,0.731,0.0
616,92202ed4,EN,long,0.0,red,0.707,0.0
617,92202ed4,TR,long,1.0,blue,0.529,1.0
618,92202ed4,EN,long,0.0,blue,0.874,0.0
619,92202ed4,TR,long,1.0,green,0.596,1.0
620,92202ed4,EN,long,1.0,green,0.529,1.0
621,92202ed4,TR,long,0.0,green,0.637,0.0
622,92202ed4,EN,long,1.0,red,0.585,1.0
623,92202ed4,EN,long,1.0,blue,0.493,0.0
624,92202ed4,TR,long,0.0,green,1.337,0.0
625,92202ed4,TR,long,1.0,green,1.075,1.0
626,92202ed4,EN,long,0.0,red,1.172,0.0
627,92202ed4,EN,long,1.0,green,0.803,1.0
628,92202ed4,TR,long,0.0,red,2.006,0.0
629,92202ed4,EN,long,1.0,blue,0.607,1.0
630,92202ed4,TR,long,1.0,red,0.978,1.0
631,92202ed4,EN,long,0.0,green,0.865,0.0
632,92202ed4,EN,long,1.0,red,0.485,1.0
633,92202ed4,EN,long,0.0,blue,0.923,0.0
634,92202ed4,TR,long,0.0,blue,0.577,0.0
635,92202ed4,TR,long,1.0,blue,0.787,1.0
636,92202ed4,EN,long,0.0,blue,0.857,0.0
637,92202ed4,TR,long,0.0,red,1.269,0.0
638,92202ed4,EN,long,0.0,red,0.782,0.0
639,92202ed4,EN,long,0.0,green,0.624,0.0
640,92202ed4,TR,long,0.0,blue,1.028,0.0
641,92202ed4,EN,long,1.0,green,0.795,1.0
642,92202ed4,TR,long,1.0,blue,1.346,1.0
643,92202ed4,EN,long,1.0,blue,0.643,1.0
644,92202ed4,TR,long,1.0,green,1.264,1.0
645,92202ed4,EN,long,1.0,red,0.617,1.0
646,92202ed4,TR,long,1.0,red,0.561,1.0
647,92202ed4,TR,long,0.0,green,0.457,0.0
648,92202ed4,TR,long,0.0,red,0.681,0.0
649,92202ed4,EN,long,1.0,red,0.672,1.0
650,92202ed4,TR,long,0.0,blue,0.834,0.0
651,92202ed4,TR,long,1.0,blue,2.285,1.0
652,92202ed4,EN,long,1.0,blue,0.612,1.0
653,92202ed4,EN,long,0.0,red,0.678,0.0
654,92202ed4,TR,long,1.0,green,0.832,1.0
655,92202ed4,EN,long,0.0,green,0.65,0.0
656,92202ed4,TR,long,0.0,green,0.787,0.0
657,92202ed4,TR,long,1.0,red,0.428,1.0
658,92202ed4,EN,long,0.0,blue,0.983,0.0
659,92202ed4,EN,long,1.0,green,0.534,1.0
660,92202ed4,EN,short,0.0,green,0.986,0.0
661,92202ed4,TR,short,0.0,red,0.749,0.0
662,92202ed4,TR,short,0.0,blue,0.893,0.0
663,92202ed4,EN,short,0.0,blue,0.815,0.0
664,92202ed4,EN,short,0.0,red,0.676,0.0
665,92202ed4,TR,short,1.0,blue,1.262,1.0
666,92202ed4,EN,short,1.0,green,1.287,1.0
667,92202ed4,EN,short,1.0,red,0.714,1.0
668,92202ed4,TR,short,1.0,red,0.595,1.0
669,92202ed4,TR,short,1.0,green,0.655,1.0
670,92202ed4,TR,short,0.0,green,0.736,0.0
671,92202ed4,EN,short,1.0,blue,0.676,1.0
672,92202ed4,TR,short,0.0,red,0.697,0.0
673,92202ed4,EN,short,1.0,blue,0.613,1.0
674,92202ed4,EN,short,0.0,red,0.669,0.0
675,92202ed4,TR,short,1.0,red,0.688,1.0
676,92202ed4,TR,short,1.0,green,0.692,1.0
677,92202ed4,TR,short,0.0,blue,0.768,0.0
678,92202ed4,EN,short,0.0,green,0.659,0.0
679,92202ed4,EN,short,1.0,red,0.596,1.0
680,92202ed4,TR,short,0.0,green,0.709,0.0
681,92202ed4,EN,short,1.0,green,0.608,1.0
682,92202ed4,TR,short,1.0,blue,0.54,1.0
683,92202ed4,EN,short,0.0,blue,0.709,0.0
684,92202ed4,EN,short,1.0,red,0.631,1.0
685,92202ed4,TR,short,0.0,red,0.752,0.0
686,92202ed4,EN,short,1.0,green,0.728,1.0
687,92202ed4,EN,short,1.0,blue,0.876,1.0
688,92202ed4,TR,short,1.0,blue,1.08,0.0
689,92202ed4,TR,short,0.0,green,0.981,0.0
690,92202ed4,EN,short,0.0,green,0.979,0.0
691,92202ed4,TR,short,1.0,green,0.916,1.0
692,92202ed4,TR,short,1.0,red,0.724,1.0
693,92202ed4,EN,short,0.0,red,0.844,0.0
694,92202ed4,TR,short,0.0,blue,0.825,0.0
695,92202ed4,EN,short,0.0,blue,1.258,0.0
696,92202ed4,TR,short,0.0,blue,0.723,0.0
697,92202ed4,EN,short,0.0,blue,0.565,0.0
698,92202ed4,EN,short,1.0,red,0.591,1.0
699,92202ed4,EN,short,0.0,red,0.646,0.0
700,92202ed4,TR,short,1.0,red,1.165,1.0
701,92202ed4,TR,short,0.0,red,0.655,0.0
702,92202ed4,EN,short,1.0,blue,0.735,1.0
703,92202ed4,TR,short,0.0,green,0.725,0.0
704,92202ed4,EN,short,1.0,green,0.726,1.0
705,92202ed4,TR,short,1.0,green,0.877,0.0
706,92202ed4,EN,short,0.0,green,0.792,0.0
707,92202ed4,TR,short,1.0,blue,1.231,1.0
708,92202ed4,EN,short,1.0,green,1.364,0.0
709,92202ed4,TR,short,0.0,blue,0.693,0.0
710,92202ed4,TR,short,0.0,green,2.858,1.0
711,92202ed4,EN,short,1.0,red,0.852,1.0
712,92202ed4,EN,short,1.0,blue,0.889,1.0
713,92202ed4,TR,short,0.0,red,2.142,0.0
714,92202ed4,TR,short,1.0,blue,0.51,1.0
715,92202ed4,EN,short,0.0,green,0.693,0.0
716,92202ed4,EN,short,0.0,red,1.241,0.0
717,92202ed4,TR,short,1.0,green,0.744,1.0
718,92202ed4,TR,short,1.0,red,1.097,1.0
719,92202ed4,EN,short,0.0,blue,0.855,0.0
720,a2d15360,TR,long,1.0,blue,1.8181,1.0
721,a2d15360,EN,long,1.0,green,1.7015,1.0
722,a2d15360,TR,long,1.0,red,1.1278,1.0
723,a2d15360,TR,long,0.0,red,1.4389,1.0
724,a2d15360,TR,long,0.0,green,1.4295,1.0
725,a2d15360,TR,long,1.0,green,0.6703,1.0
726,a2d15360,EN,long,0.0,blue,0.9797,1.0
727,a2d15360,EN,long,1.0,red,0.98,1.0
728,a2d15360,EN,long,1.0,blue,1.5138,1.0
729,a2d15360,EN,long,0.0,red,1.3138,1.0
730,a2d15360,EN,long,0.0,green,1.29,1.0
731,a2d15360,TR,long,0.0,blue,1.1253,1.0
732,a2d15360,TR,long,0.0,red,0.7904,1.0
733,a2d15360,EN,long,0.0,red,0.6801,1.0
734,a2d15360,TR,long,0.0,blue,0.7929,1.0
735,a2d15360,TR,long,1.0,red,0.8083,1.0
736,a2d15360,EN,long,1.0,blue,0.8714,1.0
737,a2d15360,TR,long,0.0,green,0.7536,1.0
738,a2d15360,EN,long,1.0,red,0.6692,1.0
739,a2d15360,EN,long,0.0,green,2.7913,1.0
740,a2d15360,EN,long,1.0,green,0.5523,1.0
741,a2d15360,TR,long,1.0,blue,0.7033,1.0
742,a2d15360,EN,long,0.0,blue,0.7396,1.0
743,a2d15360,TR,long,1.0,green,9.8595,1.0
744,a2d15360,TR,long,0.0,blue,1.1158,1.0
745,a2d15360,EN,long,1.0,green,3.4188,1.0
746,a2d15360,TR,long,1.0,red,0.7848,1.0
747,a2d15360,EN,long,1.0,blue,1.5222,1.0
748,a2d15360,EN,long,0.0,blue,0.4395,1.0
749,a2d15360,TR,long,1.0,blue,0.4904,1.0
750,a2d15360,TR,long,1.0,green,4.9993,1.0
751,a2d15360,TR,long,0.0,green,0.5626,1.0
752,a2d15360,EN,long,1.0,red,4.6572,1.0
753,a2d15360,EN,long,0.0,green,1.2491,1.0
754,a2d15360,TR,long,0.0,red,0.7029,1.0
755,a2d15360,EN,long,0.0,red,0.6012,1.0
756,a2d15360,TR,long,1.0,red,0.4518,1.0
757,a2d15360,EN,long,1.0,green,1.006,1.0
758,a2d15360,EN,long,0.0,blue,0.8075,1.0
759,a2d15360,EN,long,1.0,red,0.6046,1.0
760,a2d15360,TR,long,0.0,green,1.3769,1.0
761,a2d15360,EN,long,0.0,green,0.5132,1.0
762,a2d15360,TR,long,0.0,blue,0.6012,1.0
763,a2d15360,EN,long,0.0,red,0.6177,1.0
764,a2d15360,TR,long,1.0,green,0.8758,1.0
765,a2d15360,TR,long,1.0,blue,0.9497,1.0
766,a2d15360,TR,long,0.0,red,1.0598,1.0
767,a2d15360,EN,long,1.0,blue,0.6301,1.0
768,a2d15360,EN,long,1.0,green,1.9815,1.0
769,a2d15360,TR,long,0.0,green,0.696,1.0
770,a2d15360,EN,long,0.0,blue,2.0806,1.0
771,a2d15360,TR,long,1.0,blue,0.463,1.0
772,a2d15360,EN,long,1.0,blue,0.3873,1.0
773,a2d15360,EN,long,0.0,red,0.5532,1.0
774,a2d15360,EN,long,0.0,green,0.9971,1.0
775,a2d15360,TR,long,1.0,red,1.3452,1.0
776,a2d15360,TR,long,0.0,red,0.4471,1.0
777,a2d15360,TR,long,0.0,blue,0.6991,1.0
778,a2d15360,TR,long,1.0,green,1.6572,1.0
779,a2d15360,EN,long,1.0,red,0.4796,1.0
780,a2d15360,TR,short,1.0,blue,1.8139,1.0
781,a2d15360,EN,short,1.0,blue,0.8035,1.0
782,a2d15360,TR,short,1.0,green,0.565,1.0
783,a2d15360,EN,short,1.0,green,0.6307,1.0
784,a2d15360,TR,short,1.0,red,0.6012,1.0
785,a2d15360,EN,short,0.0,green,0.7494,1.0
786,a2d15360,TR,short,0.0,red,0.6042,1.0
787,a2d15360,TR,short,0.0,green,1.1537,1.0
788,a2d15360,EN,short,0.0,red,0.6825,1.0
789,a2d15360,EN,short,0.0,blue,0.772,1.0
790,a2d15360,EN,short,1.0,red,0.5823,1.0
791,a2d15360,TR,short,0.0,blue,0.7823,1.0
792,a2d15360,TR,short,0.0,red,0.656,1.0
793,a2d15360,EN,short,0.0,blue,0.9455,1.0
794,a2d15360,EN,short,1.0,green,0.6809,1.0
795,a2d15360,TR,short,1.0,red,0.5388,1.0
796,a2d15360,EN,short,1.0,blue,1.7233,1.0
797,a2d15360,TR,short,1.0,blue,0.7216,1.0
798,a2d15360,TR,short,0.0,green,0.6708,0.0
799,a2d15360,EN,short,0.0,green,1.3122,1.0
800,a2d15360,EN,short,0.0,red,0.827,1.0
801,a2d15360,EN,short,1.0,red,0.5339,1.0
802,a2d15360,TR,short,0.0,blue,0.8137,1.0
803,a2d15360,TR,short,1.0,green,0.7406,1.0
804,a2d15360,EN,short,0.0,red,0.5233,1.0
805,a2d15360,TR,short,1.0,green,0.544,0.0
806,a2d15360,TR,short,1.0,red,2.6213,1.0
807,a2d15360,EN,short,1.0,red,0.6118,1.0
808,a2d15360,EN,short,1.0,blue,0.6839,1.0
809,a2d15360,TR,short,0.0,red,0.6835,1.0
810,a2d15360,TR,short,0.0,green,0.4645,1.0
811,a2d15360,EN,short,0.0,green,0.5753,0.0
812,a2d15360,TR,short,1.0,blue,1.0142,1.0
813,a2d15360,TR,short,0.0,blue,0.8727,1.0
814,a2d15360,EN,short,0.0,blue,0.5727,1.0
815,a2d15360,EN,short,1.0,green,0.6086,1.0
816,a2d15360,EN,short,0.0,green,0.5,1.0
817,a2d15360,EN,short,0.0,red,1.4731,1.0
818,a2d15360,TR,short,1.0,green,0.7473,1.0
819,a2d15360,TR,short,0.0,green,0.5137,1.0
820,a2d15360,TR,short,1.0,blue,0.6046,1.0
821,a2d15360,EN,short,1.0,blue,0.4937,1.0
822,a2d15360,EN,short,0.0,blue,0.4686,1.0
823,a2d15360,EN,short,1.0,red,0.5209,1.0
824,a2d15360,TR,short,0.0,blue,0.6146,1.0
825,a2d15360,TR,short,1.0,red,1.6032,1.0
826,a2d15360,EN,short,1.0,green,2.2792,1.0
827,a2d15360,TR,short,0.0,red,0.9556,1.0
828,a2d15360,EN,short,1.0,green,1.1541,1.0
829,a2d15360,TR,short,0.0,green,0.5551,1.0
830,a2d15360,EN,short,0.0,green,0.4173,1.0
831,a2d15360,TR,short,1.0,green,0.4157,1.0
832,a2d15360,TR,short,1.0,red,0.5745,1.0
833,a2d15360,EN,short,0.0,blue,1.0169,1.0
834,a2d15360,TR,short,0.0,blue,1.3226,1.0
835,a2d15360,EN,short,0.0,red,0.5865,1.0
836,a2d15360,EN,short,1.0,blue,0.4477,0.0
837,a2d15360,EN,short,1.0,red,0.5554,1.0
838,a2d15360,TR,short,1.0,blue,1.5415,0.0
839,a2d15360,TR,short,0.0,red,0.9901,1.0
840,76fb0df7,EN,long,1.0,red,2.7306,1.0
841,76fb0df7,TR,long,0.0,blue,0.7635,1.0
842,76fb0df7,EN,long,0.0,blue,0.6415,1.0
843,76fb0df7,EN,long,1.0,blue,0.5058,1.0
844,76fb0df7,TR,long,0.0,green,1.5276,1.0
845,76fb0df7,TR,long,1.0,blue,0.5511,1.0
846,76fb0df7,EN,long,0.0,green,1.7028,1.0
847,76fb0df7,TR,long,1.0,green,0.6898,1.0
848,76fb0df7,EN,long,0.0,red,0.9124,1.0
849,76fb0df7,EN,long,1.0,green,1.172,1.0
850,76fb0df7,TR,long,0.0,red,1.0907,1.0
851,76fb0df7,TR,long,1.0,red,0.4562,1.0
852,76fb0df7,TR,long,1.0,red,0.402,1.0
853,76fb0df7,EN,long,1.0,green,0.5407,1.0
854,76fb0df7,EN,long,0.0,green,0.4403,1.0
855,76fb0df7,EN,long,0.0,red,0.6708,1.0
856,76fb0df7,TR,long,1.0,blue,0.5298,1.0
857,76fb0df7,TR,long,1.0,green,0.7937,1.0
858,76fb0df7,EN,long,0.0,blue,1.0347,1.0
859,76fb0df7,TR,long,0.0,red,0.5583,1.0
860,76fb0df7,TR,long,0.0,green,0.8384,1.0
861,76fb0df7,TR,long,0.0,blue,0.6636,1.0
862,76fb0df7,EN,long,1.0,blue,0.4324,1.0
863,76fb0df7,EN,long,1.0,red,0.5052,1.0
864,76fb0df7,TR,long,0.0,red,0.5703,1.0
865,76fb0df7,EN,long,0.0,green,0.6996,1.0
866,76fb0df7,EN,long,1.0,red,0.5585,1.0
867,76fb0df7,EN,long,0.0,red,0.5144,1.0
868,76fb0df7,TR,long,1.0,blue,0.5262,1.0
869,76fb0df7,EN,long,0.0,blue,0.5108,1.0
870,76fb0df7,TR,long,0.0,green,0.5783,1.0
871,76fb0df7,EN,long,1.0,blue,0.4598,1.0
872,76fb0df7,EN,long,1.0,green,0.57,1.0
873,76fb0df7,TR,long,0.0,blue,0.5525,1.0
874,76fb0df7,TR,long,1.0,green,0.6658,1.0
875,76fb0df7,TR,long,1.0,red,0.5299,1.0
876,76fb0df7,EN,long,0.0,green,0.9535,1.0
877,76fb0df7,TR,long,1.0,red,0.5433,1.0
878,76fb0df7,EN,long,1.0,blue,0.8646,1.0
879,76fb0df7,EN,long,0.0,red,0.7756,1.0
880,76fb0df7,EN,long,0.0,blue,1.342,1.0
881,76fb0df7,TR,long,0.0,red,0.6422,1.0
882,76fb0df7,EN,long,1.0,red,0.4995,1.0
883,76fb0df7,TR,long,0.0,green,0.5929,1.0
884,76fb0df7,TR,long,1.0,blue,0.5154,1.0
885,76fb0df7,EN,long,1.0,green,0.4988,1.0
886,76fb0df7,TR,long,1.0,green,0.5214,1.0
887,76fb0df7,TR,long,0.0,blue,0.416,1.0
888,76fb0df7,TR,long,0.0,green,0.3386,1.0
889,76fb0df7,EN,long,1.0,red,0.4067,1.0
890,76fb0df7,TR,long,0.0,red,0.5786,1.0
891,76fb0df7,EN,long,0.0,red,0.4232,1.0
892,76fb0df7,TR,long,1.0,green,0.4004,1.0
893,76fb0df7,EN,long,0.0,blue,0.3684,0.0
894,76fb0df7,EN,long,1.0,green,0.6022,1.0
895,76fb0df7,TR,long,1.0,blue,0.8832,1.0
896,76fb0df7,TR,long,0.0,blue,0.4994,1.0
897,76fb0df7,TR,long,1.0,red,0.5048,1.0
898,76fb0df7,EN,long,0.0,green,0.8897,1.0
899,76fb0df7,EN,long,1.0,blue,1.3027,1.0
900,76fb0df7,TR,short,0.0,blue,0.4399,1.0
901,76fb0df7,TR,short,1.0,blue,0.5797,1.0
902,76fb0df7,TR,short,1.0,green,0.6709,1.0
903,76fb0df7,EN,short,0.0,green,0.3301,0.0
904,76fb0df7,TR,short,1.0,red,0.4884,1.0
905,76fb0df7,TR,short,0.0,green,0.2841,1.0
906,76fb0df7,EN,short,1.0,blue,0.4468,1.0
907,76fb0df7,EN,short,0.0,blue,0.4034,0.0
908,76fb0df7,EN,short,1.0,red,2.571,0.0
909,76fb0df7,EN,short,1.0,green,1.2553,1.0
910,76fb0df7,TR,short,0.0,red,0.8067,1.0
911,76fb0df7,EN,short,0.0,red,0.7784,1.0
912,76fb0df7,TR,short,1.0,red,0.4507,1.0
913,76fb0df7,EN,short,1.0,red,0.398,1.0
914,76fb0df7,EN,short,0.0,blue,0.5204,1.0
915,76fb0df7,TR,short,0.0,red,0.9302,1.0
916,76fb0df7,EN,short,0.0,green,0.5576,1.0
917,76fb0df7,TR,short,0.0,green,0.5346,1.0
918,76fb0df7,EN,short,1.0,green,0.4716,1.0
919,76fb0df7,EN,short,0.0,red,0.7401,1.0
920,76fb0df7,TR,short,1.0,green,0.6548,1.0
921,76fb0df7,TR,short,1.0,blue,0.5212,1.0
922,76fb0df7,EN,short,1.0,blue,0.5232,1.0
923,76fb0df7,TR,short,0.0,blue,0.4898,1.0
924,76fb0df7,EN,short,0.0,green,0.8452,1.0
925,76fb0df7,EN,short,1.0,blue,0.6834,1.0
926,76fb0df7,TR,short,1.0,blue,0.4154,1.0
927,76fb0df7,TR,short,0.0,red,0.8952,1.0
928,76fb0df7,EN,short,0.0,blue,0.889,1.0
929,76fb0df7,EN,short,0.0,red,0.915,1.0
930,76fb0df7,EN,short,1.0,green,0.5009,1.0
931,76fb0df7,TR,short,1.0,green,0.531,1.0
932,76fb0df7,EN,short,1.0,red,0.6154,1.0
933,76fb0df7,TR,short,0.0,green,0.653,1.0
934,76fb0df7,TR,short,1.0,red,0.5347,0.0
935,76fb0df7,TR,short,0.0,blue,0.5408,1.0
936,76fb0df7,EN,short,0.0,red,0.7716,1.0
937,76fb0df7,EN,short,0.0,green,0.8836,1.0
938,76fb0df7,EN,short,1.0,blue,1.7369,1.0
939,76fb0df7,TR,short,1.0,red,0.564,1.0
940,76fb0df7,TR,short,0.0,green,0.593,1.0
941,76fb0df7,EN,short,1.0,red,0.5439,1.0
942,76fb0df7,TR,short,1.0,blue,0.4028,1.0
943,76fb0df7,TR,short,0.0,blue,0.4068,1.0
944,76fb0df7,TR,short,1.0,green,0.4866,1.0
945,76fb0df7,EN,short,0.0,blue,0.6416,1.0
946,76fb0df7,EN,short,1.0,green,0.5484,1.0
947,76fb0df7,TR,short,0.0,red,0.4295,1.0
948,76fb0df7,TR,short,0.0,blue,0.7882,1.0
949,76fb0df7,EN,short,0.0,blue,0.4759,1.0
950,76fb0df7,EN,short,0.0,red,0.5988,0.0
951,76fb0df7,EN,short,1.0,green,0.5629,1.0
952,76fb0df7,EN,short,0.0,green,0.4115,1.0
953,76fb0df7,TR,short,0.0,red,0.5476,1.0
954,76fb0df7,EN,short,1.0,blue,0.469,1.0
955,76fb0df7,TR,short,1.0,red,0.6714,1.0
956,76fb0df7,TR,short,0.0,green,0.8138,1.0
957,76fb0df7,TR,short,1.0,green,0.6225,1.0
958,76fb0df7,TR,short,1.0,blue,0.5403,1.0
959,76fb0df7,EN,short,1.0,red,0.6624,1.0
960,71ba3148,EN,long,1.0,green,2.1406,1.0
961,71ba3148,TR,long,1.0,blue,3.8074,1.0
962,71ba3148,EN,long,0.0,blue,1.1137,1.0
963,71ba3148,TR,long,0.0,green,17.9962,1.0
964,71ba3148,EN,long,0.0,green,0.7493,1.0
965,71ba3148,EN,long,1.0,blue,1.227,1.0
966,71ba3148,EN,long,1.0,red,0.4163,1.0
967,71ba3148,EN,long,0.0,red,0.5085,1.0
968,71ba3148,TR,long,0.0,red,0.7024,1.0
969,71ba3148,TR,long,1.0,green,1.6469,1.0
970,71ba3148,TR,long,1.0,red,2.4734,1.0
971,71ba3148,TR,long,0.0,blue,1.802,1.0
972,71ba3148,TR,long,1.0,red,1.5246,1.0
973,71ba3148,TR,long,0.0,red,0.5156,1.0
974,71ba3148,EN,long,0.0,green,0.4954,1.0
975,71ba3148,EN,long,0.0,blue,0.4308,1.0
976,71ba3148,TR,long,1.0,blue,0.6766,1.0
977,71ba3148,TR,long,1.0,green,0.9938,1.0
978,71ba3148,EN,long,0.0,red,0.4801,1.0
979,71ba3148,EN,long,1.0,green,2.0864,1.0
980,71ba3148,TR,long,0.0,blue,0.7771,1.0
981,71ba3148,EN,long,1.0,blue,0.4363,1.0
982,71ba3148,TR,long,0.0,green,0.6547,1.0
983,71ba3148,EN,long,1.0,red,0.5418,1.0
984,71ba3148,EN,long,0.0,red,0.388,1.0
985,71ba3148,EN,long,0.0,green,1.2973,1.0
986,71ba3148,EN,long,1.0,blue,0.7412,1.0
987,71ba3148,TR,long,1.0,green,0.6754,1.0
988,71ba3148,TR,long,0.0,red,0.7377,1.0
989,71ba3148,EN,long,1.0,green,0.6821,1.0
990,71ba3148,TR,long,1.0,blue,0.4591,1.0
991,71ba3148,TR,long,0.0,green,0.456,1.0
992,71ba3148,TR,long,0.0,blue,0.5551,1.0
993,71ba3148,TR,long,1.0,red,0.527,1.0
994,71ba3148,EN,long,1.0,red,0.3808,1.0
995,71ba3148,EN,long,0.0,blue,0.9308,0.0
996,71ba3148,TR,long,0.0,blue,0.7052,0.0
997,71ba3148,EN,long,1.0,green,1.398,1.0
998,71ba3148,TR,long,0.0,red,1.183,1.0
999,71ba3148,EN,long,1.0,blue,2.1452,1.0
1000,71ba3148,EN,long,0.0,blue,2.3917,1.0
1001,71ba3148,TR,long,1.0,green,1.0774,1.0
1002,71ba3148,EN,long,1.0,red,0.7389,1.0
1003,71ba3148,TR,long,1.0,red,0.7731,1.0
1004,71ba3148,TR,long,1.0,blue,2.3071,1.0
1005,71ba3148,EN,long,0.0,red,0.7923,1.0
1006,71ba3148,TR,long,0.0,green,0.9936,1.0
1007,71ba3148,EN,long,0.0,green,0.6601,1.0
1008,71ba3148,TR,long,1.0,blue,0.4422,1.0
1009,71ba3148,EN,long,1.0,green,0.4289,0.0
1010,71ba3148,EN,long,0.0,blue,0.4134,1.0
1011,71ba3148,EN,long,1.0,blue,0.415,1.0
1012,71ba3148,TR,long,0.0,blue,0.4471,1.0
1013,71ba3148,TR,long,0.0,green,0.3737,1.0
1014,71ba3148,EN,long,1.0,red,0.4486,1.0
1015,71ba3148,TR,long,1.0,green,0.7232,1.0
1016,71ba3148,TR,long,0.0,red,0.4945,1.0
1017,71ba3148,TR,long,1.0,red,0.4889,1.0
1018,71ba3148,EN,long,0.0,red,0.3643,1.0
1019,71ba3148,EN,long,0.0,green,0.6306,1.0
1020,71ba3148,TR,short,0.0,green,0.3027,0.0
1021,71ba3148,EN,short,1.0,red,2.0623,1.0
1022,71ba3148,TR,short,1.0,green,7.4617,1.0
1023,71ba3148,EN,short,1.0,blue,2.6781,1.0
1024,71ba3148,EN,short,0.0,red,0.8272,1.0
1025,71ba3148,TR,short,1.0,blue,1.9446,1.0
1026,71ba3148,TR,short,0.0,red,0.6064,1.0
1027,71ba3148,TR,short,1.0,red,0.6043,1.0
1028,71ba3148,EN,short,0.0,blue,0.6638,1.0
1029,71ba3148,EN,short,1.0,green,0.5265,1.0
1030,71ba3148,EN,short,0.0,green,0.4202,1.0
1031,71ba3148,TR,short,0.0,blue,0.5469,0.0
1032,71ba3148,EN,short,1.0,green,0.6274,1.0
1033,71ba3148,EN,short,0.0,green,0.61,0.0
1034,71ba3148,EN,short,0.0,blue,0.76,0.0
1035,71ba3148,TR,short,0.0,green,1.186,0.0
1036,71ba3148,EN,short,1.0,red,1.6951,1.0
1037,71ba3148,TR,short,1.0,red,0.8183,1.0
1038,71ba3148,TR,short,0.0,blue,2.9922,0.0
1039,71ba3148,EN,short,1.0,blue,1.6515,1.0
1040,71ba3148,TR,short,1.0,blue,0.6169,1.0
1041,71ba3148,EN,short,0.0,red,3.3846,1.0
1042,71ba3148,TR,short,0.0,red,0.6701,1.0
1043,71ba3148,TR,short,1.0,green,2.2192,1.0
1044,71ba3148,EN,short,1.0,blue,3.0515,0.0
1045,71ba3148,EN,short,0.0,blue,0.9858,1.0
1046,71ba3148,TR,short,0.0,green,0.4588,1.0
1047,71ba3148,TR,short,1.0,red,0.4661,1.0
1048,71ba3148,TR,short,1.0,green,0.6683,1.0
1049,71ba3148,EN,short,1.0,green,0.4052,1.0
1050,71ba3148,TR,short,0.0,red,0.6825,1.0
1051,71ba3148,EN,short,0.0,green,1.1744,1.0
1052,71ba3148,EN,short,1.0,red,0.5385,1.0
1053,71ba3148,EN,short,0.0,red,0.3917,1.0
1054,71ba3148,TR,short,0.0,blue,0.4863,1.0
1055,71ba3148,TR,short,1.0,blue,0.2762,1.0
1056,71ba3148,TR,short,1.0,red,0.5012,1.0
1057,71ba3148,EN,short,1.0,blue,0.3633,1.0
1058,71ba3148,EN,short,0.0,green,0.3306,1.0
1059,71ba3148,EN,short,1.0,red,0.4494,1.0
1060,71ba3148,TR,short,0.0,green,0.7351,1.0
1061,71ba3148,EN,short,0.0,blue,0.3194,1.0
1062,71ba3148,TR,short,0.0,red,0.5424,1.0
1063,71ba3148,TR,short,1.0,green,0.5603,1.0
1064,71ba3148,TR,short,1.0,blue,0.7851,1.0
1065,71ba3148,EN,short,1.0,green,1.5983,1.0
1066,71ba3148,TR,short,0.0,blue,1.292,0.0
1067,71ba3148,EN,short,0.0,red,0.5716,1.0
1068,71ba3148,EN,short,1.0,blue,1.1183,1.0
1069,71ba3148,EN,short,0.0,green,0.6036,1.0
1070,71ba3148,TR,short,1.0,blue,0.7537,0.0
1071,71ba3148,EN,short,1.0,green,0.6589,0.0
1072,71ba3148,TR,short,1.0,green,0.578,0.0
1073,71ba3148,TR,short,0.0,green,0.476,0.0
1074,71ba3148,TR,short,0.0,red,2.0159,1.0
1075,71ba3148,EN,short,0.0,blue,0.8085,1.0
1076,71ba3148,TR,short,0.0,blue,0.5149,1.0
1077,71ba3148,EN,short,1.0,red,0.7633,1.0
1078,71ba3148,EN,short,0.0,red,1.4814,1.0
1079,71ba3148,TR,short,1.0,red,0.5121,1.0
1080,7538d84d,EN,long,0.0,green,2.223075082991272,1.0
1081,7538d84d,TR,long,1.0,blue,0.6480608749843668,1.0
1082,7538d84d,TR,long,0.0,blue,0.5932754990062676,1.0
1083,7538d84d,TR,long,0.0,green,1.00239291600883,1.0
1084,7538d84d,EN,long,1.0,green,0.7103901249938644,1.0
1085,7538d84d,TR,long,1.0,green,1.3956998329958878,1.0
1086,7538d84d,EN,long,0.0,red,1.7989887919975445,1.0
1087,7538d84d,EN,long,1.0,red,0.4392022080137394,1.0
1088,7538d84d,TR,long,0.0,red,0.4349351240089163,1.0
1089,7538d84d,EN,long,1.0,blue,0.9734835000126624,1.0
1090,7538d84d,TR,long,1.0,red,0.6789725419948809,1.0
1091,7538d84d,EN,long,0.0,blue,1.727951998997014,1.0
1092,7538d84d,TR,long,1.0,red,1.009891833004076,1.0
1093,7538d84d,TR,long,0.0,red,0.7594510409981012,1.0
1094,7538d84d,EN,long,1.0,red,0.4730559170129709,1.0
1095,7538d84d,TR,long,1.0,green,0.8024313740024809,1.0
1096,7538d84d,EN,long,1.0,green,0.3259724579984322,1.0
1097,7538d84d,TR,long,1.0,blue,0.7149704580078833,1.0
1098,7538d84d,EN,long,0.0,blue,0.5347282919974532,1.0
1099,7538d84d,EN,long,0.0,red,1.4243141250044573,1.0
1100,7538d84d,EN,long,0.0,green,0.7813005830103066,1.0
1101,7538d84d,TR,long,0.0,green,1.03326370799914,1.0
1102,7538d84d,TR,long,0.0,blue,0.7001571249857079,1.0
1103,7538d84d,EN,long,1.0,blue,0.3232092910038773,1.0
1104,7538d84d,EN,long,0.0,green,2.210134790977463,1.0
1105,7538d84d,EN,long,0.0,red,0.798821248987224,1.0
1106,7538d84d,EN,long,1.0,red,0.5393774159892928,1.0
1107,7538d84d,TR,long,1.0,blue,2.6078367500158492,1.0
1108,7538d84d,EN,long,1.0,blue,0.4908084580092691,1.0
1109,7538d84d,EN,long,1.0,green,0.6160718750033993,1.0
1110,7538d84d,TR,long,0.0,blue,1.1186296659871005,1.0
1111,7538d84d,TR,long,1.0,red,0.7220221250026952,1.0
1112,7538d84d,TR,long,1.0,green,0.6572895409772173,1.0
1113,7538d84d,TR,long,0.0,green,0.7102557909965981,1.0
1114,7538d84d,TR,long,0.0,red,1.077958000008948,1.0
1115,7538d84d,EN,long,0.0,blue,1.1528614579874557,1.0
1116,7538d84d,EN,long,1.0,red,0.8409519160049967,1.0
1117,7538d84d,EN,long,0.0,green,0.7996080830052961,1.0
1118,7538d84d,EN,long,0.0,blue,1.5928008330229204,1.0
1119,7538d84d,TR,long,0.0,blue,0.4831250410061329,1.0
1120,7538d84d,TR,long,1.0,blue,0.4389374169986695,1.0
1121,7538d84d,TR,long,0.0,red,1.1234089999925343,1.0
1122,7538d84d,EN,long,1.0,green,0.5516280420124531,1.0
1123,7538d84d,TR,long,1.0,red,0.9226802079938352,1.0
1124,7538d84d,EN,long,0.0,red,1.0019007079827134,1.0
1125,7538d84d,TR,long,1.0,green,0.7265910409914795,1.0
1126,7538d84d,TR,long,0.0,green,0.6435970409947913,1.0
1127,7538d84d,EN,long,1.0,blue,0.6799257910170127,1.0
1128,7538d84d,EN,long,1.0,blue,0.510951833013678,1.0
1129,7538d84d,TR,long,0.0,blue,0.4135464990104083,1.0
1130,7538d84d,TR,long,0.0,green,0.6212192079983652,1.0
1131,7538d84d,EN,long,0.0,red,0.5611585410078987,1.0
1132,7538d84d,EN,long,1.0,green,0.7693981249758508,1.0
1133,7538d84d,TR,long,1.0,red,1.6140786659962032,1.0
1134,7538d84d,TR,long,1.0,green,0.8334003329800908,1.0
1135,7538d84d,EN,long,1.0,red,1.151071458007209,1.0
1136,7538d84d,TR,long,1.0,blue,0.716672375012422,1.0
1137,7538d84d,TR,long,0.0,red,0.9373114170157352,1.0
1138,7538d84d,EN,long,0.0,green,0.7586463750049006,1.0
1139,7538d84d,EN,long,0.0,blue,0.9766537079995032,1.0
1140,7538d84d,TR,short,0.0,blue,3.1462458750174847,1.0
1141,7538d84d,TR,short,1.0,red,1.270570166001562,1.0
1142,7538d84d,TR,short,0.0,green,1.107588165992638,1.0
1143,7538d84d,TR,short,1.0,blue,1.1154039579851087,1.0
1144,7538d84d,EN,short,0.0,green,1.2501248749904337,1.0
1145,7538d84d,TR,short,0.0,red,0.6780397910042666,1.0
1146,7538d84d,EN,short,0.0,red,0.9132499580155128,1.0
1147,7538d84d,TR,short,1.0,green,0.5356700000120327,1.0
1148,7538d84d,EN,short,0.0,blue,0.4755592079891357,1.0
1149,7538d84d,EN,short,1.0,blue,0.5266766670101788,1.0
1150,7538d84d,EN,short,1.0,red,0.6747069169941824,1.0
1151,7538d84d,EN,short,1.0,green,0.7228844160272274,1.0
1152,7538d84d,EN,short,0.0,red,0.4808880829950794,1.0
1153,7538d84d,EN,short,1.0,green,1.3638359169999603,1.0
1154,7538d84d,EN,short,0.0,green,0.6215170409996063,1.0
1155,7538d84d,TR,short,0.0,red,0.9198156659840606,0.0
1156,7538d84d,TR,short,0.0,blue,1.1384154580009636,1.0
1157,7538d84d,TR,short,1.0,blue,0.4428330829832703,1.0
1158,7538d84d,TR,short,1.0,green,0.5850232500233687,1.0
1159,7538d84d,EN,short,0.0,blue,0.6487692079972476,1.0
1160,7538d84d,EN,short,1.0,red,1.1811351239739452,1.0
1161,7538d84d,TR,short,0.0,green,1.215729540999746,1.0
1162,7538d84d,EN,short,1.0,blue,2.8775309160118923,1.0
1163,7538d84d,TR,short,1.0,red,0.5339868739829399,1.0
1164,7538d84d,TR,short,0.0,blue,0.5395571659901179,1.0
1165,7538d84d,EN,short,1.0,blue,0.5295389579841867,1.0
1166,7538d84d,TR,short,1.0,blue,0.3422347079904284,1.0
1167,7538d84d,TR,short,1.0,green,0.741490041022189,1.0
1168,7538d84d,EN,short,0.0,red,0.5008166669867933,1.0
1169,7538d84d,EN,short,0.0,blue,0.8778009160014335,1.0
1170,7538d84d,EN,short,1.0,red,0.5078152909991331,1.0
1171,7538d84d,EN,short,0.0,green,0.7467334580142051,1.0
1172,7538d84d,TR,short,1.0,red,1.1570112920016982,1.0
1173,7538d84d,TR,short,0.0,red,0.4569702080043498,1.0
1174,7538d84d,EN,short,1.0,green,0.5241370000003371,1.0
1175,7538d84d,TR,short,0.0,green,0.4813105829816777,1.0
1176,7538d84d,EN,short,1.0,red,0.596950541017577,1.0
1177,7538d84d,EN,short,1.0,blue,2.666317624010844,1.0
1178,7538d84d,EN,short,0.0,red,0.5188816250010859,0.0
1179,7538d84d,TR,short,1.0,blue,0.8051963330071885,1.0
1180,7538d84d,TR,short,0.0,red,0.6471619579824619,1.0
1181,7538d84d,EN,short,0.0,green,0.4314414580003358,1.0
1182,7538d84d,EN,short,0.0,blue,0.6984026659920346,1.0
1183,7538d84d,TR,short,0.0,blue,0.4888137489906512,1.0
1184,7538d84d,TR,short,1.0,red,1.16436049900949,1.0
1185,7538d84d,EN,short,1.0,green,2.5860068329784553,1.0
1186,7538d84d,TR,short,1.0,green,0.4491705829859711,1.0
1187,7538d84d,TR,short,0.0,green,0.410156541998731,1.0
1188,7538d84d,EN,short,0.0,blue,0.5246174990024883,1.0
1189,7538d84d,EN,short,1.0,blue,0.4528748739976436,1.0
1190,7538d84d,TR,short,1.0,green,0.5099136249918956,1.0
1191,7538d84d,TR,short,0.0,red,0.564614500006428,1.0
1192,7538d84d,EN,short,0.0,red,0.4952685830066912,1.0
1193,7538d84d,TR,short,0.0,green,0.7225049579865299,1.0
1194,7538d84d,EN,short,1.0,green,0.4048389169911388,1.0
1195,7538d84d,EN,short,1.0,red,0.5308207499911077,1.0
1196,7538d84d,TR,short,1.0,red,0.5336321659851819,1.0
1197,7538d84d,TR,short,0.0,blue,1.0884764170041308,1.0
1198,7538d84d,EN,short,0.0,green,0.615051458007656,1.0
1199,7538d84d,TR,short,1.0,blue,0.6944075830106158,1.0
1200,2ee84280,EN,long,0.0,blue,1.7362,1.0
1201,2ee84280,TR,long,0.0,green,1.3421,1.0
1202,2ee84280,EN,long,0.0,green,1.1425,1.0
1203,2ee84280,TR,long,1.0,green,1.1338,1.0
1204,2ee84280,EN,long,1.0,red,0.8404,1.0
1205,2ee84280,TR,long,1.0,red,0.523,1.0
1206,2ee84280,TR,long,0.0,red,0.485,1.0
1207,2ee84280,EN,long,1.0,green,0.5465,1.0
1208,2ee84280,TR,long,1.0,blue,0.5917,1.0
1209,2ee84280,EN,long,1.0,blue,0.4331,1.0
1210,2ee84280,EN,long,0.0,red,0.4658,1.0
1211,2ee84280,TR,long,0.0,blue,0.4839,0.0
1212,2ee84280,TR,long,1.0,blue,1.0445,1.0
1213,2ee84280,EN,long,0.0,blue,0.3822,1.0
1214,2ee84280,TR,long,1.0,green,1.2888,1.0
1215,2ee84280,TR,long,0.0,blue,0.805,1.0
1216,2ee84280,EN,long,1.0,blue,0.5226,1.0
1217,2ee84280,EN,long,0.0,red,0.743,1.0
1218,2ee84280,EN,long,0.0,green,0.773,1.0
1219,2ee84280,TR,long,0.0,green,0.5617,1.0
1220,2ee84280,TR,long,1.0,red,1.329,1.0
1221,2ee84280,EN,long,1.0,green,0.9557,1.0
1222,2ee84280,TR,long,0.0,red,0.6296,1.0
1223,2ee84280,EN,long,1.0,red,0.4943,0.0
1224,2ee84280,TR,long,1.0,red,0.7637,1.0
1225,2ee84280,EN,long,1.0,blue,0.5478,1.0
1226,2ee84280,EN,long,1.0,red,0.5862,1.0
1227,2ee84280,TR,long,0.0,blue,1.1417,1.0
1228,2ee84280,TR,long,1.0,green,0.6194,1.0
1229,2ee84280,EN,long,0.0,green,0.5015,1.0
1230,2ee84280,EN,long,0.0,red,1.414,1.0
1231,2ee84280,TR,long,0.0,green,0.6243,1.0
1232,2ee84280,TR,long,0.0,red,0.5847,1.0
1233,2ee84280,EN,long,0.0,blue,0.7978,1.0
1234,2ee84280,TR,long,1.0,blue,0.47,1.0
1235,2ee84280,EN,long,1.0,green,0.4691,1.0
1236,2ee84280,EN,long,1.0,green,0.4482,1.0
1237,2ee84280,EN,long,0.0,blue,0.5731,1.0
1238,2ee84280,EN,long,0.0,red,0.6224,1.0
1239,2ee84280,TR,long,0.0,red,0.3972,1.0
1240,2ee84280,TR,long,1.0,blue,0.5183,1.0
1241,2ee84280,TR,long,1.0,green,0.3756,1.0
1242,2ee84280,TR,long,0.0,blue,0.3773,0.0
1243,2ee84280,EN,long,1.0,red,0.5087,1.0
1244,2ee84280,EN,long,0.0,green,0.5988,1.0
1245,2ee84280,TR,long,1.0,red,1.0827,1.0
1246,2ee84280,TR,long,0.0,green,0.5466,1.0
1247,2ee84280,EN,long,1.0,blue,0.4006,1.0
1248,2ee84280,TR,long,1.0,blue,0.3758,1.0
1249,2ee84280,EN,long,0.0,red,0.5125,1.0
1250,2ee84280,TR,long,0.0,green,0.4756,1.0
1251,2ee84280,TR,long,1.0,green,0.9395,1.0
1252,2ee84280,TR,long,0.0,red,0.8489,1.0
1253,2ee84280,EN,long,1.0,blue,0.3558,1.0
1254,2ee84280,TR,long,0.0,blue,0.3512,1.0
1255,2ee84280,EN,long,1.0,green,0.4756,1.0
1256,2ee84280,EN,long,0.0,green,0.4977,1.0
1257,2ee84280,TR,long,1.0,red,0.5535,1.0
1258,2ee84280,EN,long,0.0,blue,0.4932,0.0
1259,2ee84280,EN,long,1.0,red,0.5549,1.0
1260,2ee84280,TR,short,0.0,green,5.832,1.0
1261,2ee84280,EN,short,0.0,green,0.0074,0.0
1262,2ee84280,EN,short,1.0,green,3.3506,1.0
1263,2ee84280,EN,short,1.0,blue,0.6396,1.0
1264,2ee84280,TR,short,0.0,red,0.5455,1.0
1265,2ee84280,EN,short,0.0,red,0.5634,1.0
1266,2ee84280,EN,short,1.0,red,0.5327,1.0
1267,2ee84280,TR,short,1.0,blue,0.5461,0.0
1268,2ee84280,TR,short,1.0,red,0.5622,1.0
1269,2ee84280,TR,short,0.0,blue,0.5824,1.0
1270,2ee84280,EN,short,0.0,blue,0.7955,1.0
1271,2ee84280,TR,short,1.0,green,0.4553,1.0
1272,2ee84280,TR,short,0.0,blue,0.8114,0.0
1273,2ee84280,EN,short,1.0,blue,1.2204,1.0
1274,2ee84280,EN,short,0.0,red,0.629,1.0
1275,2ee84280,EN,short,1.0,red,0.4776,1.0
1276,2ee84280,TR,short,0.0,green,0.6321,1.0
1277,2ee84280,TR,short,1.0,blue,0.997,1.0
1278,2ee84280,EN,short,0.0,green,0.6067,1.0
1279,2ee84280,EN,short,0.0,blue,0.4488,1.0
1280,2ee84280,TR,short,1.0,red,0.6987,1.0
1281,2ee84280,TR,short,1.0,green,0.8724,1.0
1282,2ee84280,EN,short,1.0,green,0.4762,1.0
1283,2ee84280,TR,short,0.0,red,0.7864,1.0
1284,2ee84280,EN,short,1.0,red,0.5655,1.0
1285,2ee84280,TR,short,1.0,red,0.3804,1.0
1286,2ee84280,TR,short,0.0,green,0.877,0.0
1287,2ee84280,TR,short,0.0,red,0.8331,1.0
1288,2ee84280,EN,short,0.0,red,0.6909,1.0
1289,2ee84280,EN,short,1.0,blue,0.587,1.0
1290,2ee84280,EN,short,0.0,blue,0.9216,0.0
1291,2ee84280,EN,short,1.0,green,1.2716,1.0
1292,2ee84280,TR,short,0.0,blue,1.3223,1.0
1293,2ee84280,TR,short,1.0,green,0.7792,1.0
1294,2ee84280,EN,short,0.0,green,0.927,1.0
1295,2ee84280,TR,short,1.0,blue,0.6685,1.0
1296,2ee84280,EN,short,0.0,red,0.4478,1.0
1297,2ee84280,TR,short,0.0,green,0.4969,1.0
1298,2ee84280,EN,short,1.0,red,0.7885,1.0
1299,2ee84280,EN,short,0.0,green,0.8949,1.0
1300,2ee84280,EN,short,0.0,blue,0.8509,1.0
1301,2ee84280,TR,short,0.0,red,0.5816,1.0
1302,2ee84280,TR,short,1.0,red,0.5519,1.0
1303,2ee84280,TR,short,1.0,green,0.5404,1.0
1304,2ee84280,TR,short,1.0,blue,0.8719,1.0
1305,2ee84280,EN,short,1.0,green,0.5469,1.0
1306,2ee84280,EN,short,1.0,blue,0.7059,1.0
1307,2ee84280,TR,short,0.0,blue,0.6946,1.0
1308,2ee84280,TR,short,1.0,green,1.238,1.0
1309,2ee84280,TR,short,0.0,blue,0.739,1.0
1310,2ee84280,EN,short,1.0,blue,1.3677,1.0
1311,2ee84280,EN,short,0.0,green,0.9863,1.0
1312,2ee84280,EN,short,1.0,red,0.5575,1.0
1313,2ee84280,TR,short,0.0,red,0.4639,1.0
1314,2ee84280,EN,short,1.0,green,0.7177,1.0
1315,2ee84280,TR,short,1.0,red,0.6057,1.0
1316,2ee84280,EN,short,0.0,blue,0.7322,1.0
1317,2ee84280,TR,short,0.0,green,1.1416,1.0
1318,2ee84280,EN,short,0.0,red,2.4432,1.0
1319,2ee84280,TR,short,1.0,blue,0.6771,1.0
1320,7c2904e6,EN,long,1.0,red,0.632,0.0
1321,7c2904e6,TR,long,1.0,green,1.786,1.0
1322,7c2904e6,EN,long,0.0,green,0.888,0.0
1323,7c2904e6,EN,long,0.0,red,1.565,1.0
1324,7c2904e6,TR,long,0.0,red,1.912,1.0
1325,7c2904e6,TR,long,1.0,red,1.223,0.0
1326,7c2904e6,EN,long,1.0,blue,0.882,0.0
1327,7c2904e6,EN,long,0.0,blue,3.061,0.0
1328,7c2904e6,TR,long,1.0,blue,0.621,0.0
1329,7c2904e6,TR,long,0.0,blue,0.653,0.0
1330,7c2904e6,TR,long,0.0,green,0.792,1.0
1331,7c2904e6,EN,long,1.0,green,0.722,1.0
1332,7c2904e6,TR,long,1.0,green,1.145,0.0
1333,7c2904e6,EN,long,1.0,green,1.384,1.0
1334,7c2904e6,EN,long,1.0,blue,0.931,0.0
1335,7c2904e6,EN,long,0.0,green,0.496,1.0
1336,7c2904e6,TR,long,1.0,red,0.684,0.0
1337,7c2904e6,TR,long,0.0,blue,0.631,0.0
1338,7c2904e6,EN,long,0.0,red,1.28,0.0
1339,7c2904e6,EN,long,0.0,blue,0.821,0.0
1340,7c2904e6,TR,long,1.0,blue,2.099,0.0
1341,7c2904e6,EN,long,1.0,red,0.61,0.0
1342,7c2904e6,TR,long,0.0,red,3.446,0.0
1343,7c2904e6,TR,long,0.0,green,1.723,0.0
1344,7c2904e6,EN,long,1.0,green,1.798,1.0
1345,7c2904e6,TR,long,0.0,green,0.507,1.0
1346,7c2904e6,TR,long,0.0,red,0.638,0.0
1347,7c2904e6,TR,long,1.0,green,1.798,0.0
1348,7c2904e6,TR,long,0.0,blue,1.552,0.0
1349,7c2904e6,TR,long,1.0,red,0.947,0.0
1350,7c2904e6,EN,long,1.0,blue,0.702,0.0
1351,7c2904e6,EN,long,1.0,red,0.771,0.0
1352,7c2904e6,TR,long,1.0,blue,0.61,0.0
1353,7c2904e6,EN,long,0.0,red,0.848,0.0
1354,7c2904e6,EN,long,0.0,green,4.604,0.0
1355,7c2904e6,EN,long,0.0,blue,0.667,0.0
1356,7c2904e6,EN,long,1.0,green,1.016,0.0
1357,7c2904e6,TR,long,1.0,green,0.884,0.0
1358,7c2904e6,EN,long,0.0,green,0.626,0.0
1359,7c2904e6,TR,long,0.0,green,0.521,0.0
1360,7c2904e6,TR,long,0.0,red,0.638,1.0
1361,7c2904e6,EN,long,0.0,red,0.666,0.0
1362,7c2904e6,TR,long,0.0,blue,0.827,0.0
1363,7c2904e6,TR,long,1.0,red,1.389,0.0
1364,7c2904e6,EN,long,0.0,blue,2.704,0.0
1365,7c2904e6,EN,long,1.0,red,0.604,0.0
1366,7c2904e6,EN,long,1.0,blue,1.028,0.0
1367,7c2904e6,TR,long,1.0,blue,0.563,0.0
1368,7c2904e6,EN,long,1.0,red,0.806,0.0
1369,7c2904e6,EN,long,0.0,red,0.493,0.0
1370,7c2904e6,TR,long,0.0,blue,0.578,0.0
1371,7c2904e6,EN,long,0.0,blue,0.523,0.0
1372,7c2904e6,TR,long,1.0,blue,0.556,0.0
1373,7c2904e6,EN,long,1.0,blue,0.468,0.0
1374,7c2904e6,EN,long,1.0,green,0.471,1.0
1375,7c2904e6,TR,long,0.0,green,0.443,1.0
1376,7c2904e6,TR,long,1.0,red,0.502,0.0
1377,7c2904e6,EN,long,0.0,green,0.464,1.0
1378,7c2904e6,TR,long,0.0,red,0.675,0.0
1379,7c2904e6,TR,long,1.0,green,0.475,1.0
1380,7c2904e6,EN,short,1.0,green,1.333,0.0
1381,7c2904e6,TR,short,1.0,red,4.475,0.0
1382,7c2904e6,EN,short,0.0,red,0.82,0.0
1383,7c2904e6,TR,short,1.0,green,0.664,1.0
1384,7c2904e6,EN,short,0.0,green,0.597,1.0
1385,7c2904e6,EN,short,0.0,blue,0.562,0.0
1386,7c2904e6,TR,short,0.0,green,0.904,0.0
1387,7c2904e6,TR,short,0.0,red,0.653,1.0
1388,7c2904e6,EN,short,1.0,red,0.922,0.0
1389,7c2904e6,EN,short,1.0,blue,0.543,0.0
1390,7c2904e6,TR,short,1.0,blue,0.647,0.0
1391,7c2904e6,TR,short,0.0,blue,0.6,0.0
1392,7c2904e6,EN,short,1.0,blue,0.472,0.0
1393,7c2904e6,TR,short,0.0,red,0.591,0.0
1394,7c2904e6,EN,short,0.0,green,0.722,0.0
1395,7c2904e6,EN,short,0.0,red,1.368,0.0
1396,7c2904e6,TR,short,1.0,red,0.549,0.0
1397,7c2904e6,EN,short,1.0,red,0.577,0.0
1398,7c2904e6,TR,short,1.0,blue,0.569,0.0
1399,7c2904e6,TR,short,0.0,blue,1.061,0.0
1400,7c2904e6,TR,short,0.0,green,3.03,0.0
1401,7c2904e6,TR,short,1.0,green,0.631,0.0
1402,7c2904e6,EN,short,1.0,green,0.068,1.0
1403,7c2904e6,EN,short,0.0,blue,0.466,0.0
1404,7c2904e6,TR,short,0.0,red,0.544,0.0
1405,7c2904e6,TR,short,0.0,green,0.401,1.0
1406,7c2904e6,EN,short,0.0,blue,0.584,0.0
1407,7c2904e6,TR,short,0.0,blue,0.716,0.0
1408,7c2904e6,EN,short,0.0,red,0.472,0.0
1409,7c2904e6,EN,short,0.0,green,1.875,0.0
1410,7c2904e6,EN,short,1.0,green,0.778,0.0
1411,7c2904e6,TR,short,1.0,blue,1.098,1.0
1412,7c2904e6,TR,short,1.0,green,0.559,0.0
1413,7c2904e6,EN,short,1.0,red,0.728,0.0
1414,7c2904e6,TR,short,1.0,red,0.756,0.0
1415,7c2904e6,EN,short,1.0,blue,0.667,0.0
1416,7c2904e6,EN,short,0.0,green,0.66,1.0
1417,7c2904e6,EN,short,0.0,blue,0.945,0.0
1418,7c2904e6,EN,short,0.0,red,0.5,0.0
1419,7c2904e6,TR,short,0.0,blue,0.663,0.0
1420,7c2904e6,EN,short,1.0,blue,0.449,0.0
1421,7c2904e6,TR,short,1.0,blue,0.624,0.0
1422,7c2904e6,TR,short,0.0,green,0.597,1.0
1423,7c2904e6,EN,short,1.0,red,0.456,0.0
1424,7c2904e6,TR,short,1.0,red,0.446,0.0
1425,7c2904e6,TR,short,0.0,red,0.457,0.0
1426,7c2904e6,EN,short,1.0,green,0.376,0.0
1427,7c2904e6,TR,short,1.0,green,0.57,1.0
1428,7c2904e6,EN,short,1.0,red,0.721,0.0
1429,7c2904e6,EN,short,1.0,green,0.579,0.0
1430,7c2904e6,EN,short,0.0,blue,0.473,0.0
1431,7c2904e6,TR,short,0.0,red,0.608,0.0
1432,7c2904e6,TR,short,1.0,blue,0.482,0.0
1433,7c2904e6,TR,short,1.0,red,0.569,0.0
1434,7c2904e6,TR,short,1.0,green,0.448,0.0
1435,7c2904e6,EN,short,1.0,blue,0.523,0.0
1436,7c2904e6,TR,short,0.0,green,0.453,0.0
1437,7c2904e6,EN,short,0.0,green,0.543,0.0
1438,7c2904e6,TR,short,0.0,blue,4.153,1.0
1439,7c2904e6,EN,short,0.0,red,0.75,0.0
1440,6e1eab94,TR,long,0.0,blue,2.0111,1.0
1441,6e1eab94,TR,long,1.0,green,0.9626,1.0
1442,6e1eab94,TR,long,0.0,green,1.487,1.0
1443,6e1eab94,EN,long,0.0,red,0.6264,1.0
1444,6e1eab94,EN,long,1.0,red,0.53,1.0
1445,6e1eab94,EN,long,1.0,blue,0.5461,1.0
1446,6e1eab94,EN,long,0.0,blue,0.6954,1.0
1447,6e1eab94,TR,long,1.0,red,0.7786,1.0
1448,6e1eab94,TR,long,0.0,red,3.2855,1.0
1449,6e1eab94,TR,long,1.0,blue,0.7977,1.0
1450,6e1eab94,EN,long,0.0,green,0.3941,1.0
1451,6e1eab94,EN,long,1.0,green,0.4969,0.0
1452,6e1eab94,EN,long,0.0,red,0.8747,1.0
1453,6e1eab94,EN,long,0.0,blue,2.2115,1.0
1454,6e1eab94,TR,long,0.0,red,0.958,1.0
1455,6e1eab94,TR,long,1.0,green,0.6287,1.0
1456,6e1eab94,TR,long,0.0,blue,2.2161,1.0
1457,6e1eab94,EN,long,1.0,blue,1.0741,1.0
1458,6e1eab94,TR,long,1.0,blue,0.4473,1.0
1459,6e1eab94,TR,long,0.0,green,0.6967,1.0
1460,6e1eab94,EN,long,1.0,green,0.7343,1.0
1461,6e1eab94,EN,long,0.0,green,1.0775,1.0
1462,6e1eab94,EN,long,1.0,red,1.0486,1.0
1463,6e1eab94,TR,long,1.0,red,0.6443,1.0
1464,6e1eab94,TR,long,0.0,red,2.298,1.0
1465,6e1eab94,TR,long,0.0,green,0.8291,1.0
1466,6e1eab94,EN,long,1.0,red,0.5472,1.0
1467,6e1eab94,EN,long,0.0,green,2.5061,1.0
1468,6e1eab94,EN,long,1.0,blue,0.5441,1.0
1469,6e1eab94,TR,long,0.0,blue,2.0358,1.0
1470,6e1eab94,TR,long,1.0,blue,0.611,1.0
1471,6e1eab94,EN,long,0.0,red,0.6824,1.0
1472,6e1eab94,EN,long,1.0,green,1.1126,1.0
1473,6e1eab94,TR,long,1.0,red,2.552,1.0
1474,6e1eab94,TR,long,1.0,green,0.6611,1.0
1475,6e1eab94,EN,long,0.0,blue,0.7305,1.0
1476,6e1eab94,TR,long,0.0,green,0.895,1.0
1477,6e1eab94,TR,long,0.0,red,1.6623,1.0
1478,6e1eab94,EN,long,1.0,red,0.7271,1.0
1479,6e1eab94,EN,long,0.0,blue,0.747,1.0
1480,6e1eab94,EN,long,0.0,green,0.6788,1.0
1481,6e1eab94,EN,long,0.0,red,0.7122,1.0
1482,6e1eab94,TR,long,0.0,blue,0.6471,1.0
1483,6e1eab94,TR,long,1.0,green,0.6895,1.0
1484,6e1eab94,TR,long,1.0,blue,2.8626,1.0
1485,6e1eab94,EN,long,1.0,green,0.6946,1.0
1486,6e1eab94,EN,long,1.0,blue,1.0133,1.0
1487,6e1eab94,TR,long,1.0,red,0.6279,1.0
1488,6e1eab94,EN,long,0.0,blue,0.9838,1.0
1489,6e1eab94,EN,long,0.0,red,4.463,1.0
1490,6e1eab94,TR,long,0.0,red,0.6777,1.0
1491,6e1eab94,EN,long,0.0,green,0.7795,1.0
1492,6e1eab94,TR,long,0.0,blue,0.5127,1.0
1493,6e1eab94,TR,long,1.0,red,0.6636,1.0
1494,6e1eab94,TR,long,1.0,green,2.9967,1.0
1495,6e1eab94,TR,long,1.0,blue,1.7945,1.0
1496,6e1eab94,TR,long,0.0,green,4.3637,1.0
1497,6e1eab94,EN,long,1.0,blue,0.9461,1.0
1498,6e1eab94,EN,long,1.0,red,0.5455,1.0
1499,6e1eab94,EN,long,1.0,green,0.6642,1.0
1500,6e1eab94,EN,short,0.0,blue,0.7801,1.0
1501,6e1eab94,TR,short,1.0,red,0.7288,1.0
1502,6e1eab94,EN,short,1.0,green,0.5466,1.0
1503,6e1eab94,TR,short,1.0,green,0.5307,1.0
1504,6e1eab94,EN,short,1.0,blue,0.7987,1.0
1505,6e1eab94,TR,short,0.0,blue,0.463,1.0
1506,6e1eab94,TR,short,0.0,green,0.596,1.0
1507,6e1eab94,EN,short,0.0,green,0.4297,1.0
1508,6e1eab94,TR,short,0.0,red,0.813,1.0
1509,6e1eab94,EN,short,1.0,red,0.5118,1.0
1510,6e1eab94,EN,short,0.0,red,0.5142,1.0
1511,6e1eab94,TR,short,1.0,blue,0.5804,1.0
1512,6e1eab94,EN,short,0.0,red,0.9082,1.0
1513,6e1eab94,TR,short,1.0,green,1.0429,1.0
1514,6e1eab94,EN,short,1.0,green,0.5153,1.0
1515,6e1eab94,EN,short,1.0,blue,1.0466,1.0
1516,6e1eab94,TR,short,0.0,blue,0.4464,1.0
1517,6e1eab94,TR,short,0.0,green,0.6133,1.0
1518,6e1eab94,TR,short,1.0,blue,0.8966,1.0
1519,6e1eab94,TR,short,0.0,red,0.5321,1.0
1520,6e1eab94,EN,short,1.0,red,0.5447,1.0
1521,6e1eab94,TR,short,1.0,red,0.563,1.0
1522,6e1eab94,EN,short,0.0,blue,0.7473,1.0
1523,6e1eab94,EN,short,0.0,green,0.5293,1.0
1524,6e1eab94,TR,short,0.0,green,0.4968,1.0
1525,6e1eab94,EN,short,1.0,green,0.513,1.0
1526,6e1eab94,TR,short,0.0,blue,0.5625,1.0
1527,6e1eab94,TR,short,1.0,red,0.5295,1.0
1528,6e1eab94,EN,short,0.0,red,0.5324,1.0
1529,6e1eab94,TR,short,1.0,blue,0.6473,0.0
1530,6e1eab94,EN,short,1.0,red,1.3454,1.0
1531,6e1eab94,EN,short,1.0,blue,0.5126,1.0
1532,6e1eab94,TR,short,1.0,green,0.5632,1.0
1533,6e1eab94,TR,short,0.0,red,0.694,1.0
1534,6e1eab94,EN,short,0.0,green,1.3968,1.0
1535,6e1eab94,EN,short,0.0,blue,1.2848,1.0
1536,6e1eab94,EN,short,0.0,blue,0.4167,1.0
1537,6e1eab94,EN,short,1.0,blue,0.6117,1.0
1538,6e1eab94,EN,short,0.0,green,2.1923,1.0
1539,6e1eab94,EN,short,0.0,red,0.6617,1.0
1540,6e1eab94,TR,short,1.0,green,0.5478,1.0
1541,6e1eab94,EN,short,1.0,green,0.5713,1.0
1542,6e1eab94,TR,short,1.0,blue,0.4828,1.0
1543,6e1eab94,TR,short,1.0,red,0.5321,1.0
1544,6e1eab94,EN,short,1.0,red,0.483,1.0
1545,6e1eab94,TR,short,0.0,red,0.3796,1.0
1546,6e1eab94,TR,short,0.0,blue,0.4148,0.0
1547,6e1eab94,TR,short,0.0,green,0.8297,1.0
1548,6e1eab94,TR,short,1.0,blue,0.4827,1.0
1549,6e1eab94,TR,short,0.0,green,0.4845,0.0
1550,6e1eab94,EN,short,1.0,blue,2.2716,0.0
1551,6e1eab94,EN,short,1.0,red,0.6109,1.0
1552,6e1eab94,TR,short,0.0,blue,3.0085,1.0
1553,6e1eab94,TR,short,1.0,red,0.5936,1.0
1554,6e1eab94,EN,short,1.0,green,0.6595,1.0
1555,6e1eab94,TR,short,0.0,red,1.3981,1.0
1556,6e1eab94,TR,short,1.0,green,1.6807,1.0
1557,6e1eab94,EN,short,0.0,green,0.4943,1.0
1558,6e1eab94,EN,short,0.0,blue,1.6031,1.0
1559,6e1eab94,EN,short,0.0,red,0.7989,1.0
1560,3ceba04f,TR,long,0.0,green,0.623,0.0
1561,3ceba04f,EN,long,0.0,blue,0.5625,0.0
1562,3ceba04f,EN,long,0.0,green,1.0323,0.0
1563,3ceba04f,EN,long,1.0,green,1.5079,1.0
1564,3ceba04f,EN,long,0.0,red,1.7797,1.0
1565,3ceba04f,TR,long,1.0,green,1.0884,1.0
1566,3ceba04f,EN,long,1.0,red,0.7078,1.0
1567,3ceba04f,TR,long,0.0,blue,0.8603,1.0
1568,3ceba04f,TR,long,1.0,blue,0.8524,1.0
1569,3ceba04f,EN,long,1.0,blue,0.6452,1.0
1570,3ceba04f,TR,long,1.0,red,0.7578,1.0
1571,3ceba04f,TR,long,0.0,red,0.6624,1.0
1572,3ceba04f,EN,long,1.0,green,0.8422,1.0
1573,3ceba04f,TR,long,1.0,blue,1.3639,1.0
1574,3ceba04f,TR,long,1.0,red,0.6254,1.0
1575,3ceba04f,TR,long,0.0,red,0.3674,1.0
1576,3ceba04f,TR,long,0.0,green,0.5636,1.0
1577,3ceba04f,EN,long,0.0,green,0.4459,1.0
1578,3ceba04f,EN,long,0.0,blue,0.3912,1.0
1579,3ceba04f,TR,long,1.0,green,0.6041,1.0
1580,3ceba04f,EN,long,1.0,red,0.4248,1.0
1581,3ceba04f,EN,long,1.0,blue,0.5426,0.0
1582,3ceba04f,TR,long,0.0,blue,0.6901,1.0
1583,3ceba04f,EN,long,0.0,red,1.0926,1.0
1584,3ceba04f,EN,long,1.0,red,0.4319,1.0
1585,3ceba04f,EN,long,1.0,green,1.3936,1.0
1586,3ceba04f,TR,long,0.0,blue,1.182,1.0
1587,3ceba04f,TR,long,0.0,green,0.7315,0.0
1588,3ceba04f,EN,long,0.0,blue,2.5958,1.0
1589,3ceba04f,EN,long,1.0,blue,0.9479,1.0
1590,3ceba04f,TR,long,1.0,green,0.6537,1.0
1591,3ceba04f,TR,long,0.0,red,0.4668,1.0
1592,3ceba04f,TR,long,1.0,blue,1.5843,1.0
1593,3ceba04f,TR,long,1.0,red,0.579,1.0
1594,3ceba04f,EN,long,0.0,red,0.4877,1.0
1595,3ceba04f,EN,long,0.0,green,0.4805,1.0
1596,3ceba04f,EN,long,1.0,blue,0.3634,1.0
1597,3ceba04f,EN,long,0.0,red,0.5035,1.0
1598,3ceba04f,TR,long,0.0,red,1.558,1.0
1599,3ceba04f,TR,long,0.0,blue,1.4945,1.0
1600,3ceba04f,EN,long,1.0,green,0.6491,1.0
1601,3ceba04f,TR,long,1.0,blue,0.8517,1.0
1602,3ceba04f,TR,long,0.0,green,0.6061,0.0
1603,3ceba04f,EN,long,0.0,blue,1.1496,0.0
1604,3ceba04f,EN,long,0.0,green,1.1415,0.0
1605,3ceba04f,TR,long,1.0,green,2.9198,1.0
1606,3ceba04f,EN,long,1.0,red,0.5795,1.0
1607,3ceba04f,TR,long,1.0,red,0.6686,1.0
1608,3ceba04f,TR,long,1.0,green,1.0436,1.0
1609,3ceba04f,TR,long,0.0,blue,0.534,1.0
1610,3ceba04f,TR,long,0.0,green,1.2647,1.0
1611,3ceba04f,EN,long,1.0,red,0.7269,1.0
1612,3ceba04f,EN,long,1.0,blue,0.7178,1.0
1613,3ceba04f,EN,long,1.0,green,0.592,1.0
1614,3ceba04f,EN,long,0.0,blue,1.0636,1.0
1615,3ceba04f,TR,long,0.0,red,0.6545,1.0
1616,3ceba04f,EN,long,0.0,green,3.6411,1.0
1617,3ceba04f,TR,long,1.0,red,2.0163,1.0
1618,3ceba04f,TR,long,1.0,blue,1.0651,1.0
1619,3ceba04f,EN,long,0.0,red,1.0152,1.0
1620,3ceba04f,TR,short,0.0,blue,0.9256,1.0
1621,3ceba04f,EN,short,0.0,green,0.7523,0.0
1622,3ceba04f,EN,short,0.0,red,1.5843,0.0
1623,3ceba04f,EN,short,1.0,blue,1.8326,1.0
1624,3ceba04f,TR,short,1.0,blue,3.1257,1.0
1625,3ceba04f,EN,short,1.0,green,2.0353,1.0
1626,3ceba04f,TR,short,1.0,green,0.379,1.0
1627,3ceba04f,TR,short,1.0,red,0.5083,1.0
1628,3ceba04f,EN,short,0.0,blue,0.7302,1.0
1629,3ceba04f,EN,short,1.0,red,0.8975,1.0
1630,3ceba04f,TR,short,0.0,green,0.7322,0.0
1631,3ceba04f,TR,short,0.0,red,0.8209,0.0
1632,3ceba04f,TR,short,0.0,blue,1.1604,0.0
1633,3ceba04f,EN,short,1.0,green,2.5645,1.0
1634,3ceba04f,TR,short,1.0,green,0.5218,1.0
1635,3ceba04f,EN,short,1.0,blue,0.953,1.0
1636,3ceba04f,TR,short,0.0,green,0.977,1.0
1637,3ceba04f,EN,short,0.0,green,1.2789,1.0
1638,3ceba04f,TR,short,1.0,blue,0.6324,1.0
1639,3ceba04f,EN,short,1.0,red,0.8415,1.0
1640,3ceba04f,TR,short,0.0,red,1.0711,0.0
1641,3ceba04f,EN,short,0.0,blue,2.3058,1.0
1642,3ceba04f,EN,short,0.0,red,0.641,1.0
1643,3ceba04f,TR,short,1.0,red,0.5293,1.0
1644,3ceba04f,TR,short,1.0,green,0.5944,1.0
1645,3ceba04f,EN,short,1.0,green,0.4944,1.0
1646,3ceba04f,EN,short,0.0,red,0.5209,1.0
1647,3ceba04f,EN,short,0.0,blue,0.8346,1.0
1648,3ceba04f,EN,short,1.0,red,0.5986,1.0
1649,3ceba04f,TR,short,1.0,blue,0.5372,1.0
1650,3ceba04f,TR,short,0.0,green,0.8977,1.0
1651,3ceba04f,TR,short,1.0,red,0.7877,1.0
1652,3ceba04f,EN,short,0.0,green,0.9521,1.0
1653,3ceba04f,TR,short,0.0,blue,0.9871,1.0
1654,3ceba04f,TR,short,0.0,red,0.5856,1.0
1655,3ceba04f,EN,short,1.0,blue,1.4954,1.0
1656,3ceba04f,EN,short,0.0,red,1.0304,1.0
1657,3ceba04f,TR,short,0.0,green,0.7163,1.0
1658,3ceba04f,TR,short,1.0,red,1.7574,1.0
1659,3ceba04f,TR,short,0.0,blue,0.5913,1.0
1660,3ceba04f,EN,short,0.0,green,1.0915,1.0
1661,3ceba04f,TR,short,1.0,blue,2.4158,1.0
1662,3ceba04f,TR,short,0.0,red,1.419,1.0
1663,3ceba04f,TR,short,1.0,green,1.8548,1.0
1664,3ceba04f,EN,short,0.0,blue,0.7803,1.0
1665,3ceba04f,EN,short,1.0,red,1.2854,1.0
1666,3ceba04f,EN,short,1.0,blue,0.7728,1.0
1667,3ceba04f,EN,short,1.0,green,1.6339,1.0
1668,3ceba04f,TR,short,1.0,red,0.5319,1.0
1669,3ceba04f,EN,short,1.0,blue,0.4671,1.0
1670,3ceba04f,TR,short,0.0,blue,1.0714,1.0
1671,3ceba04f,EN,short,0.0,blue,0.7229,0.0
1672,3ceba04f,TR,short,0.0,green,0.9688,0.0
1673,3ceba04f,EN,short,1.0,red,0.7238,1.0
1674,3ceba04f,EN,short,1.0,green,2.6678,1.0
1675,3ceba04f,EN,short,0.0,red,0.4834,1.0
1676,3ceba04f,EN,short,0.0,green,0.6672,1.0
1677,3ceba04f,TR,short,1.0,blue,0.8249,1.0
1678,3ceba04f,TR,short,0.0,red,0.4928,1.0
1679,3ceba04f,TR,short,1.0,green,1.2565,1.0
