language,word,letterColor,corrAns,congruent,thisN,thisTrialN,thisRepN,resp.keys,resp.corr,resp.rt,resp.duration,resp_min.keys,resp_min.corr,resp_min.rt,resp_min.duration,trials_nomax.thisRepN,trials_nomax.thisTrialN,trials_nomax.thisN,trials_nomax.thisIndex,trials_min.thisRepN,trials_min.thisTrialN,trials_min.thisN,trials_min.thisIndex,thisRow.t,notes,piloting,instructions.started,instrText.started,ready.started,instructions.stopped,trial.started,text.started,resp.started,trial.stopped,trials_nomax.resp.keys,trials_nomax.resp.corr,trials_nomax.resp.rt,trials_nomax.resp.duration,__trial_min.started,text_min.started,resp_min.started,text_min.stopped,__trial_min.stopped,trials_min.resp_min.keys,trials_min.resp_min.corr,trials_min.resp_min.rt,trials_min.resp_min.duration,thanks.started,thanksText.started,thanks.stopped,participant,session,age (years),date,expName,expVersion,psychopyVersion,frameRate,expStart,
,,,,,,,,,,,,,,,,,,,,,,,,,,True,0.0090941000089515,0.025185999998939224,0.025185999998939224,20.72425569999905,,,,,,,,,,,,,,,,,,,,,2791473,001,35,2026-05-07_12h55.15.438,stroop_group,,2026.1.3,59.95264939465186,2026-05-07 12h55.15.544208 +0300,
EN,green,blue,right,0,0,0,0,right,1,2.2826643000007607,None,,,,,0,0,0,3,,,,,20.757677700006752,,,,,,,20.74580620000779,21.229265800007852,21.229265800007852,23.51913770000101,right,1,2.2826643000007607,None,,,,,,,,,,,,,2791473,001,35,2026-05-07_12h55.15.438,stroop_group,,2026.1.3,59.95264939465186,2026-05-07 12h55.15.544208 +0300,
EN,red,red,left,1,1,1,0,left,1,0.6458416000095895,None,,,,,0,1,1,0,,,,,23.541630300009274,,,,,,,23.526273199997377,24.02571899999748,24.02571899999748,24.678232700010994,left,1,0.6458416000095895,None,,,,,,,,,,,,,2791473,001,35,2026-05-07_12h55.15.438,stroop_group,,2026.1.3,59.95264939465186,2026-05-07 12h55.15.544208 +0300,
TR,yeşil,blue,right,0,2,2,0,right,1,1.3270883000077447,None,,,,,0,2,2,9,,,,,24.70729220000794,,,,,,,24.687437300002784,25.191890500005684,25.191890500005684,26.533667700001388,right,1,1.3270883000077447,None,,,,,,,,,,,,,2791473,001,35,2026-05-07_12h55.15.438,stroop_group,,2026.1.3,59.95264939465186,2026-05-07 12h55.15.544208 +0300,
TR,yeşil,green,down,1,3,3,0,down,1,0.48359470001014415,None,,,,,0,3,3,8,,,,,26.54080880001129,,,,,,,26.535522000005585,27.042098300007638,27.042098300007638,27.53185200000007,down,1,0.48359470001014415,None,,,,,,,,,,,,,2791473,001,35,2026-05-07_12h55.15.438,stroop_group,,2026.1.3,59.95264939465186,2026-05-07 12h55.15.544208 +0300,
EN,green,green,down,1,4,4,0,down,1,0.649838199999067,None,,,,,0,4,4,2,,,,,27.558615000001737,,,,,,,27.53764900000533,28.0403093000059,28.0403093000059,28.698130200005835,down,1,0.649838199999067,None,,,,,,,,,,,,,2791473,001,35,2026-05-07_12h55.15.438,stroop_group,,2026.1.3,59.95264939465186,2026-05-07 12h55.15.544208 +0300,
EN,red,green,down,0,5,5,0,down,1,0.9089727000100538,None,,,,,0,5,5,1,,,,,28.707995800010394,,,,,,,28.70284790000005,29.206872499999008,29.206872499999008,30.13590860000113,down,1,0.9089727000100538,None,,,,,,,,,,,,,2791473,001,35,2026-05-07_12h55.15.438,stroop_group,,2026.1.3,59.95264939465186,2026-05-07 12h55.15.544208 +0300,
TR,kırmızı,red,left,1,6,6,0,left,1,0.6618935000005877,None,,,,,0,6,6,6,,,,,30.158717199999955,,,,,,,30.151218200000585,30.658402700006263,30.658402700006263,31.331211800003075,left,1,0.6618935000005877,None,,,,,,,,,,,,,2791473,001,35,2026-05-07_12h55.15.438,stroop_group,,2026.1.3,59.95264939465186,2026-05-07 12h55.15.544208 +0300,
TR,kırmızı,green,down,0,7,7,0,down,1,0.6015459000045666,None,,,,,0,7,7,7,,,,,31.34217770000396,,,,,,,31.332190400004038,31.841854300000705,31.841854300000705,32.45088580000447,down,1,0.6015459000045666,None,,,,,,,,,,,,,2791473,001,35,2026-05-07_12h55.15.438,stroop_group,,2026.1.3,59.95264939465186,2026-05-07 12h55.15.544208 +0300,
TR,mavi,red,left,0,8,8,0,left,1,1.2031311000027927,None,,,,,0,8,8,11,,,,,32.476090199998,,,,,,,32.46334550000029,32.95863829999871,32.95863829999871,34.16706680000061,left,1,1.2031311000027927,None,,,,,,,,,,,,,2791473,001,35,2026-05-07_12h55.15.438,stroop_group,,2026.1.3,59.95264939465186,2026-05-07 12h55.15.544208 +0300,
TR,mavi,blue,right,1,9,9,0,right,1,0.8305314000026556,None,,,,,0,9,9,10,,,,,34.17488430000958,,,,,,,34.168256700009806,34.67569699999876,34.67569699999876,35.51313069999742,right,1,0.8305314000026556,None,,,,,,,,,,,,,2791473,001,35,2026-05-07_12h55.15.438,stroop_group,,2026.1.3,59.95264939465186,2026-05-07 12h55.15.544208 +0300,
EN,blue,blue,right,1,10,10,0,right,1,0.5639737000019522,None,,,,,0,10,10,4,,,,,35.54075379999995,,,,,,,35.521483300006366,36.02349230000982,36.02349230000982,36.59941500000423,right,1,0.5639737000019522,None,,,,,,,,,,,,,2791473,001,35,2026-05-07_12h55.15.438,stroop_group,,2026.1.3,59.95264939465186,2026-05-07 12h55.15.544208 +0300,
EN,blue,red,left,0,11,11,0,left,1,0.5981560999935027,None,,,,,0,11,11,5,,,,,36.60848320000514,,,,,,,36.600568900001235,37.12517320000916,37.12517320000916,37.73248930000409,left,1,0.5981560999935027,None,,,,,,,,,,,,,2791473,001,35,2026-05-07_12h55.15.438,stroop_group,,2026.1.3,59.95264939465186,2026-05-07 12h55.15.544208 +0300,
TR,kırmızı,green,down,0,12,0,1,down,1,0.8914922999974806,None,,,,,1,0,12,7,,,,,37.75810530000308,,,,,,,37.73847250000108,38.24152570001024,38.24152570001024,39.14423390000593,down,1,0.8914922999974806,None,,,,,,,,,,,,,2791473,001,35,2026-05-07_12h55.15.438,stroop_group,,2026.1.3,59.95264939465186,2026-05-07 12h55.15.544208 +0300,
EN,red,green,down,0,13,1,1,down,1,0.9874717999919085,None,,,,,1,1,13,1,,,,,39.157791300007375,,,,,,,39.14710080000805,39.6581431000086,39.6581431000086,40.66797470000165,down,1,0.9874717999919085,None,,,,,,,,,,,,,2791473,001,35,2026-05-07_12h55.15.438,stroop_group,,2026.1.3,59.95264939465186,2026-05-07 12h55.15.544208 +0300,
TR,yeşil,green,down,1,14,2,1,down,1,0.5492625000042608,None,,,,,1,2,14,8,,,,,40.69513520000328,,,,,,,40.67502780001087,41.17297179999878,41.17297179999878,41.73462550000113,down,1,0.5492625000042608,None,,,,,,,,,,,,,2791473,001,35,2026-05-07_12h55.15.438,stroop_group,,2026.1.3,59.95264939465186,2026-05-07 12h55.15.544208 +0300,
EN,green,green,down,1,15,3,1,down,1,0.5618886000011116,None,,,,,1,3,15,2,,,,,41.75812450000376,,,,,,,41.7413663000043,42.24136600000202,42.24136600000202,42.81810899999982,down,1,0.5618886000011116,None,,,,,,,,,,,,,2791473,001,35,2026-05-07_12h55.15.438,stroop_group,,2026.1.3,59.95264939465186,2026-05-07 12h55.15.544208 +0300,
TR,yeşil,blue,right,0,16,4,1,right,1,1.4551279000006616,None,,,,,1,4,16,9,,,,,42.84100159999798,,,,,,,42.82279099999869,43.32484970000223,43.32484970000223,44.78138850000687,right,1,1.4551279000006616,None,,,,,,,,,,,,,2791473,001,35,2026-05-07_12h55.15.438,stroop_group,,2026.1.3,59.95264939465186,2026-05-07 12h55.15.544208 +0300,
TR,mavi,red,left,0,17,5,1,left,1,0.5252478000038536,None,,,,,1,5,17,11,,,,,44.80891269999847,,,,,,,44.78658890000952,45.29076960000384,45.29076960000384,45.8185097000096,left,1,0.5252478000038536,None,,,,,,,,,,,,,2791473,001,35,2026-05-07_12h55.15.438,stroop_group,,2026.1.3,59.95264939465186,2026-05-07 12h55.15.544208 +0300,
TR,mavi,blue,right,1,18,6,1,right,1,0.8184236000088276,None,,,,,1,6,18,10,,,,,45.84095270000398,,,,,,,45.81958330000634,46.32411339999817,46.32411339999817,47.15032739999879,right,1,0.8184236000088276,None,,,,,,,,,,,,,2791473,001,35,2026-05-07_12h55.15.438,stroop_group,,2026.1.3,59.95264939465186,2026-05-07 12h55.15.544208 +0300,
EN,blue,red,left,0,19,7,1,left,1,1.4671369999996386,None,,,,,1,7,19,5,,,,,47.172911200003,,,,,,,47.15638020000188,47.657379299998865,47.657379299998865,49.12793090000923,left,1,1.4671369999996386,None,,,,,,,,,,,,,2791473,001,35,2026-05-07_12h55.15.438,stroop_group,,2026.1.3,59.95264939465186,2026-05-07 12h55.15.544208 +0300,
EN,blue,blue,right,1,20,8,1,right,1,0.5569331000006059,None,,,,,1,8,20,4,,,,,49.13926110000466,,,,,,,49.12859930000559,49.6409990000102,49.6409990000102,50.21409030001087,right,1,0.5569331000006059,None,,,,,,,,,,,,,2791473,001,35,2026-05-07_12h55.15.438,stroop_group,,2026.1.3,59.95264939465186,2026-05-07 12h55.15.544208 +0300,
EN,red,red,left,1,21,9,1,left,1,1.1035781000100542,None,,,,,1,9,21,0,,,,,50.24328619999869,,,,,,,50.21940760000143,50.724648300005356,50.724648300005356,51.83439770000405,left,1,1.1035781000100542,None,,,,,,,,,,,,,2791473,001,35,2026-05-07_12h55.15.438,stroop_group,,2026.1.3,59.95264939465186,2026-05-07 12h55.15.544208 +0300,
TR,kırmızı,red,left,1,22,10,1,left,1,0.5019708999898285,None,,,,,1,10,22,6,,,,,51.858863800007384,,,,,,,51.84193180000875,52.34015519999957,52.34015519999957,52.84993520000717,left,1,0.5019708999898285,None,,,,,,,,,,,,,2791473,001,35,2026-05-07_12h55.15.438,stroop_group,,2026.1.3,59.95264939465186,2026-05-07 12h55.15.544208 +0300,
EN,green,blue,right,0,23,11,1,right,1,0.6726390000112588,None,,,,,1,11,23,3,,,,,52.877275200007716,,,,,,,52.856438600007095,53.35764280000876,53.35764280000876,54.0339784000098,right,1,0.6726390000112588,None,,,,,,,,,,,,,2791473,001,35,2026-05-07_12h55.15.438,stroop_group,,2026.1.3,59.95264939465186,2026-05-07 12h55.15.544208 +0300,
TR,kırmızı,red,left,1,24,0,2,left,1,0.5634202000073856,None,,,,,2,0,24,6,,,,,54.05749240001023,,,,,,,54.040179900010116,54.539396400010446,54.539396400010446,55.11589230000391,left,1,0.5634202000073856,None,,,,,,,,,,,,,2791473,001,35,2026-05-07_12h55.15.438,stroop_group,,2026.1.3,59.95264939465186,2026-05-07 12h55.15.544208 +0300,
TR,kırmızı,green,down,0,25,1,2,down,1,0.683020900003612,None,,,,,2,1,25,7,,,,,55.12494660000084,,,,,,,55.11747270000342,55.623666800005594,55.623666800005594,56.31260099999781,down,1,0.683020900003612,None,,,,,,,,,,,,,2791473,001,35,2026-05-07_12h55.15.438,stroop_group,,2026.1.3,59.95264939465186,2026-05-07 12h55.15.544208 +0300,
TR,yeşil,blue,right,0,26,2,2,right,1,0.8371071000001393,None,,,,,2,2,26,9,,,,,56.33969220001018,,,,,,,56.31853180000326,56.82311350000964,56.82311350000964,57.663360200007446,right,1,0.8371071000001393,None,,,,,,,,,,,,,2791473,001,35,2026-05-07_12h55.15.438,stroop_group,,2026.1.3,59.95264939465186,2026-05-07 12h55.15.544208 +0300,
EN,green,blue,right,0,27,3,2,right,1,0.6000303999899188,None,,,,,2,3,27,3,,,,,57.69037019999814,,,,,,,57.66870930000732,58.17258569999831,58.17258569999831,58.77608160000818,right,1,0.6000303999899188,None,,,,,,,,,,,,,2791473,001,35,2026-05-07_12h55.15.438,stroop_group,,2026.1.3,59.95264939465186,2026-05-07 12h55.15.544208 +0300,
EN,green,green,down,1,28,4,2,down,1,0.8746700000046985,None,,,,,2,4,28,2,,,,,58.788607399998,,,,,,,58.77639290000661,59.2911957000033,59.2911957000033,60.16696290000982,down,1,0.8746700000046985,None,,,,,,,,,,,,,2791473,001,35,2026-05-07_12h55.15.438,stroop_group,,2026.1.3,59.95264939465186,2026-05-07 12h55.15.544208 +0300,
EN,blue,red,left,0,29,5,2,left,1,1.3287169000104768,None,,,,,2,5,29,5,,,,,60.19100320000143,,,,,,,60.174435499997344,60.67280800000299,60.67280800000299,62.010731100002886,left,1,1.3287169000104768,None,,,,,,,,,,,,,2791473,001,35,2026-05-07_12h55.15.438,stroop_group,,2026.1.3,59.95264939465186,2026-05-07 12h55.15.544208 +0300,
TR,yeşil,green,down,1,30,6,2,down,1,1.3990781000029529,None,,,,,2,6,30,8,,,,,62.02245550000225,,,,,,,62.0148540000082,62.52384010000969,62.52384010000969,63.9338781000115,down,1,1.3990781000029529,None,,,,,,,,,,,,,2791473,001,35,2026-05-07_12h55.15.438,stroop_group,,2026.1.3,59.95264939465186,2026-05-07 12h55.15.544208 +0300,
EN,red,red,left,1,31,7,2,left,1,0.8583897000062279,None,,,,,2,7,31,0,,,,,63.96091069999966,,,,,,,63.941827500006184,64.44433369999751,64.44433369999751,65.31571280000207,left,1,0.8583897000062279,None,,,,,,,,,,,,,2791473,001,35,2026-05-07_12h55.15.438,stroop_group,,2026.1.3,59.95264939465186,2026-05-07 12h55.15.544208 +0300,
EN,red,green,down,0,32,8,2,down,1,0.6059155000111787,None,,,,,2,8,32,1,,,,,65.3229646999971,,,,,,,65.31719410000369,65.82241520000389,65.82241520000389,66.44724330000463,down,1,0.6059155000111787,None,,,,,,,,,,,,,2791473,001,35,2026-05-07_12h55.15.438,stroop_group,,2026.1.3,59.95264939465186,2026-05-07 12h55.15.544208 +0300,
EN,blue,blue,right,1,33,9,2,right,1,1.2334746999986237,None,,,,,2,9,33,4,,,,,66.47389370000747,,,,,,,66.45334820001153,66.95520720000786,66.95520720000786,68.19727550000243,right,1,1.2334746999986237,None,,,,,,,,,,,,,2791473,001,35,2026-05-07_12h55.15.438,stroop_group,,2026.1.3,59.95264939465186,2026-05-07 12h55.15.544208 +0300,
TR,mavi,red,left,0,34,10,2,left,1,0.8131388999900082,None,,,,,2,10,34,11,,,,,68.2232922000112,,,,,,,68.20247519999975,68.70701940001163,68.70701940001163,69.53156580000359,left,1,0.8131388999900082,None,,,,,,,,,,,,,2791473,001,35,2026-05-07_12h55.15.438,stroop_group,,2026.1.3,59.95264939465186,2026-05-07 12h55.15.544208 +0300,
TR,mavi,blue,right,1,35,11,2,right,1,0.6351882000017213,None,,,,,2,11,35,10,,,,,69.54023420000158,,,,,,,69.53272820000711,70.04018930000893,70.04018930000893,70.6969351000007,right,1,0.6351882000017213,None,,,,,,,,,,,,,2791473,001,35,2026-05-07_12h55.15.438,stroop_group,,2026.1.3,59.95264939465186,2026-05-07 12h55.15.544208 +0300,
EN,red,red,left,1,36,0,3,left,1,2.178208100012853,None,,,,,3,0,36,0,,,,,70.72252780001145,,,,,,,70.70177759999933,71.20655110001098,71.20655110001098,73.39379020000342,left,1,2.178208100012853,None,,,,,,,,,,,,,2791473,001,35,2026-05-07_12h55.15.438,stroop_group,,2026.1.3,59.95264939465186,2026-05-07 12h55.15.544208 +0300,
TR,yeşil,blue,right,0,37,1,3,right,1,1.0725743000075454,None,,,,,3,1,37,9,,,,,73.40515180000511,,,,,,,73.39800080000714,73.9064972000051,73.9064972000051,74.98227560000669,right,1,1.0725743000075454,None,,,,,,,,,,,,,2791473,001,35,2026-05-07_12h55.15.438,stroop_group,,2026.1.3,59.95264939465186,2026-05-07 12h55.15.544208 +0300,
TR,kırmızı,green,down,0,38,2,3,down,1,0.7192110000032699,None,,,,,3,2,38,7,,,,,75.00681970000733,,,,,,,74.98890660000325,75.49041930001113,75.49041930001113,76.21667150000576,down,1,0.7192110000032699,None,,,,,,,,,,,,,2791473,001,35,2026-05-07_12h55.15.438,stroop_group,,2026.1.3,59.95264939465186,2026-05-07 12h55.15.544208 +0300,
TR,mavi,blue,right,1,39,3,3,right,1,0.5915307999966899,None,,,,,3,3,39,10,,,,,76.24450460000662,,,,,,,76.22288880000997,76.7221683000098,76.7221683000098,77.32911970000714,right,1,0.5915307999966899,None,,,,,,,,,,,,,2791473,001,35,2026-05-07_12h55.15.438,stroop_group,,2026.1.3,59.95264939465186,2026-05-07 12h55.15.544208 +0300,
TR,kırmızı,red,left,1,40,4,3,left,1,1.1889477999939118,None,,,,,3,4,40,6,,,,,77.35698510000657,,,,,,,77.33507290000853,77.84000330000708,77.84000330000708,79.03180930000963,left,1,1.1889477999939118,None,,,,,,,,,,,,,2791473,001,35,2026-05-07_12h55.15.438,stroop_group,,2026.1.3,59.95264939465186,2026-05-07 12h55.15.544208 +0300,
TR,mavi,red,left,0,41,5,3,left,1,0.5728096000093501,None,,,,,3,5,41,11,,,,,79.05521649999719,,,,,,,79.03786740000942,79.5391907000012,79.5391907000012,80.12659220000205,left,1,0.5728096000093501,None,,,,,,,,,,,,,2791473,001,35,2026-05-07_12h55.15.438,stroop_group,,2026.1.3,59.95264939465186,2026-05-07 12h55.15.544208 +0300,
EN,red,green,down,0,42,6,3,down,1,0.6431338999973377,None,,,,,3,6,42,1,,,,,80.138394900001,,,,,,,80.1308898999996,80.63952650000283,80.63952650000283,81.29569210000045,down,1,0.6431338999973377,None,,,,,,,,,,,,,2791473,001,35,2026-05-07_12h55.15.438,stroop_group,,2026.1.3,59.95264939465186,2026-05-07 12h55.15.544208 +0300,
TR,yeşil,green,down,1,43,7,3,down,1,0.5714134999871021,None,,,,,3,7,43,8,,,,,81.32163820001006,,,,,,,81.30127429999993,81.8061413000105,81.8061413000105,82.38172900000063,down,1,0.5714134999871021,None,,,,,,,,,,,,,2791473,001,35,2026-05-07_12h55.15.438,stroop_group,,2026.1.3,59.95264939465186,2026-05-07 12h55.15.544208 +0300,
EN,blue,blue,right,1,44,8,3,right,1,0.3634394999971846,None,,,,,3,8,44,4,,,,,82.40624979999848,,,,,,,82.38811870000791,82.88930260000052,82.88930260000052,83.26474710000912,right,1,0.3634394999971846,None,,,,,,,,,,,,,2791473,001,35,2026-05-07_12h55.15.438,stroop_group,,2026.1.3,59.95264939465186,2026-05-07 12h55.15.544208 +0300,
EN,green,green,down,1,45,9,3,down,1,0.5453818999958457,None,,,,,3,9,45,2,,,,,83.29079040000215,,,,,,,83.27213930001017,83.77292260000831,83.77292260000831,84.33068009999988,down,1,0.5453818999958457,None,,,,,,,,,,,,,2791473,001,35,2026-05-07_12h55.15.438,stroop_group,,2026.1.3,59.95264939465186,2026-05-07 12h55.15.544208 +0300,
EN,green,blue,right,0,46,10,3,right,1,0.6956874000024982,None,,,,,3,10,46,3,,,,,84.33993210000335,,,,,,,84.3319033000007,84.83838520001154,84.83838520001154,85.54430039999716,right,1,0.6956874000024982,None,,,,,,,,,,,,,2791473,001,35,2026-05-07_12h55.15.438,stroop_group,,2026.1.3,59.95264939465186,2026-05-07 12h55.15.544208 +0300,
EN,blue,red,left,0,47,11,3,left,1,0.646895099998801,None,,,,,3,11,47,5,,,,,85.5547796000028,,,,,,,85.5486882999976,86.05649350000022,86.05649350000022,86.71481970000605,left,1,0.646895099998801,None,,,,,,,,,,,,,2791473,001,35,2026-05-07_12h55.15.438,stroop_group,,2026.1.3,59.95264939465186,2026-05-07 12h55.15.544208 +0300,
EN,blue,blue,right,1,48,0,4,right,1,0.6074866999988444,None,,,,,4,0,48,4,,,,,86.72300470000482,,,,,,,86.71583190000092,87.22362099999737,87.22362099999737,87.84428350000235,right,1,0.6074866999988444,None,,,,,,,,,,,,,2791473,001,35,2026-05-07_12h55.15.438,stroop_group,,2026.1.3,59.95264939465186,2026-05-07 12h55.15.544208 +0300,
EN,red,green,down,0,49,1,4,down,1,0.5102486999967368,None,,,,,4,1,49,1,,,,,87.85468899999978,,,,,,,87.84783510000852,88.35603400001128,88.35603400001128,88.8816869000002,down,1,0.5102486999967368,None,,,,,,,,,,,,,2791473,001,35,2026-05-07_12h55.15.438,stroop_group,,2026.1.3,59.95264939465186,2026-05-07 12h55.15.544208 +0300,
EN,green,blue,right,0,50,2,4,right,1,0.6264164000021992,None,,,,,4,2,50,3,,,,,88.90767640000558,,,,,,,88.88957860000664,89.38801039999817,89.38801039999817,90.02696210000431,right,1,0.6264164000021992,None,,,,,,,,,,,,,2791473,001,35,2026-05-07_12h55.15.438,stroop_group,,2026.1.3,59.95264939465186,2026-05-07 12h55.15.544208 +0300,
TR,mavi,red,left,0,51,3,4,left,1,0.3675151000061305,None,,,,,4,3,51,11,,,,,90.04002939999918,,,,,,,90.03100660000928,90.53975219999847,90.53975219999847,90.91272700000263,left,1,0.3675151000061305,None,,,,,,,,,,,,,2791473,001,35,2026-05-07_12h55.15.438,stroop_group,,2026.1.3,59.95264939465186,2026-05-07 12h55.15.544208 +0300,
TR,kırmızı,green,down,0,52,4,4,down,1,0.7598971999977948,None,,,,,4,4,52,7,,,,,90.94041930000822,,,,,,,90.91922440000053,91.42311780000455,91.42311780000455,92.19836470000155,down,1,0.7598971999977948,None,,,,,,,,,,,,,2791473,001,35,2026-05-07_12h55.15.438,stroop_group,,2026.1.3,59.95264939465186,2026-05-07 12h55.15.544208 +0300,
EN,red,red,left,1,53,5,4,left,1,0.7034294000040973,None,,,,,4,5,53,0,,,,,92.22821710001153,,,,,,,92.20525130000897,92.70828570000594,92.70828570000594,93.42966910000541,left,1,0.7034294000040973,None,,,,,,,,,,,,,2791473,001,35,2026-05-07_12h55.15.438,stroop_group,,2026.1.3,59.95264939465186,2026-05-07 12h55.15.544208 +0300,
TR,yeşil,green,down,1,54,6,4,down,1,1.3861281999998027,None,,,,,4,6,54,8,,,,,93.45985030000156,,,,,,,93.43489560000307,93.93959460000042,93.93959460000042,95.33150349999778,down,1,1.3861281999998027,None,,,,,,,,,,,,,2791473,001,35,2026-05-07_12h55.15.438,stroop_group,,2026.1.3,59.95264939465186,2026-05-07 12h55.15.544208 +0300,
TR,kırmızı,red,left,1,55,7,4,left,1,0.6347674999997253,None,,,,,4,7,55,6,,,,,95.35648280000896,,,,,,,95.33843909999996,95.83909560000757,95.83909560000757,96.47660720000567,left,1,0.6347674999997253,None,,,,,,,,,,,,,2791473,001,35,2026-05-07_12h55.15.438,stroop_group,,2026.1.3,59.95264939465186,2026-05-07 12h55.15.544208 +0300,
TR,yeşil,blue,right,0,56,8,4,right,1,0.5401491999946302,None,,,,,4,8,56,9,,,,,96.48870519999764,,,,,,,96.48047999999835,96.98929650000355,96.98929650000355,97.53051019999839,right,1,0.5401491999946302,None,,,,,,,,,,,,,2791473,001,35,2026-05-07_12h55.15.438,stroop_group,,2026.1.3,59.95264939465186,2026-05-07 12h55.15.544208 +0300,
TR,mavi,blue,right,1,57,9,4,right,1,0.40918560000136495,None,,,,,4,9,57,10,,,,,97.55529610000667,,,,,,,97.536548700009,98.03946440000436,98.03946440000436,98.4595180000033,right,1,0.40918560000136495,None,,,,,,,,,,,,,2791473,001,35,2026-05-07_12h55.15.438,stroop_group,,2026.1.3,59.95264939465186,2026-05-07 12h55.15.544208 +0300,
EN,green,green,down,1,58,10,4,down,1,0.5370354000042425,None,,,,,4,10,58,2,,,,,98.47124290000647,,,,,,,98.46383970000898,98.97126970000681,98.97126970000681,99.51269509999838,down,1,0.5370354000042425,None,,,,,,,,,,,,,2791473,001,35,2026-05-07_12h55.15.438,stroop_group,,2026.1.3,59.95264939465186,2026-05-07 12h55.15.544208 +0300,
EN,blue,red,left,0,59,11,4,left,1,0.7135060000000522,None,,,,,4,11,59,5,,,,,99.53851460000442,,,,,,,99.51755140000023,100.02130720000423,100.02130720000423,100.74287880001066,left,1,0.7135060000000522,None,,,,,,,,,,,,,2791473,001,35,2026-05-07_12h55.15.438,stroop_group,,2026.1.3,59.95264939465186,2026-05-07 12h55.15.544208 +0300,
TR,kırmızı,red,left,1,0,0,0,,,,,left,1,0.42897090000042226,None,,,,,0,0,0,6,100.77299130000756,,,,,,,,,,,,,,,100.76213940000162,101.2558868000051,101.2558868000051,101.50514280000061,101.6923841000098,left,1,0.42897090000042226,None,,,,2791473,001,35,2026-05-07_12h55.15.438,stroop_group,,2026.1.3,59.95264939465186,2026-05-07 12h55.15.544208 +0300,
TR,kırmızı,green,down,0,1,1,0,,,,,down,1,8.039564299993799,None,,,,,0,1,1,7,101.7040260000067,,,,,,,,,,,,,,,101.69336380000459,102.20441330000176,102.20441330000176,102.45514600000752,110.25772229999711,down,1,8.039564299993799,None,,,,2791473,001,35,2026-05-07_12h55.15.438,stroop_group,,2026.1.3,59.95264939465186,2026-05-07 12h55.15.544208 +0300,
TR,yeşil,blue,right,0,2,2,0,,,,,right,1,1.6917799999937415,None,,,,,0,2,2,9,110.27035200000682,,,,,,,,,,,,,,,110.26098430001002,110.75548930000514,110.75548930000514,111.00518649999867,112.46169130000635,right,1,1.6917799999937415,None,,,,2791473,001,35,2026-05-07_12h55.15.438,stroop_group,,2026.1.3,59.95264939465186,2026-05-07 12h55.15.544208 +0300,
EN,green,blue,right,0,3,3,0,,,,,right,1,0.9891399000043748,None,,,,,0,3,3,3,112.49233079999976,,,,,,,,,,,,,,,112.46702130000631,112.971781500004,112.971781500004,113.22196070000064,113.96430380000675,right,1,0.9891399000043748,None,,,,2791473,001,35,2026-05-07_12h55.15.438,stroop_group,,2026.1.3,59.95264939465186,2026-05-07 12h55.15.544208 +0300,
EN,blue,blue,right,1,4,4,0,,,,,right,1,0.47937529999762774,None,,,,,0,4,4,4,113.98869860000559,,,,,,,,,,,,,,,113.97023880000052,114.47013260000676,114.47013260000676,114.72246400000586,114.96477849999792,right,1,0.47937529999762774,None,,,,2791473,001,35,2026-05-07_12h55.15.438,stroop_group,,2026.1.3,59.95264939465186,2026-05-07 12h55.15.544208 +0300,
TR,mavi,blue,right,1,5,5,0,,,,,right,1,0.440281999995932,None,,,,,0,5,5,10,114.99120740000217,,,,,,,,,,,,,,,114.97037239999918,115.47034850000637,115.47034850000637,115.72158130000753,115.92635390000942,right,1,0.440281999995932,None,,,,2791473,001,35,2026-05-07_12h55.15.438,stroop_group,,2026.1.3,59.95264939465186,2026-05-07 12h55.15.544208 +0300,
EN,red,green,down,0,6,6,0,,,,,down,1,0.6732172000047285,None,,,,,0,6,6,1,115.93674050000845,,,,,,,,,,,,,,,115.93012940000335,116.43736640000134,116.43736640000134,116.68834900000365,117.12231910000264,down,1,0.6732172000047285,None,,,,2791473,001,35,2026-05-07_12h55.15.438,stroop_group,,2026.1.3,59.95264939465186,2026-05-07 12h55.15.544208 +0300,
EN,green,green,down,1,7,7,0,,,,,down,1,0.5475276000070153,None,,,,,0,7,7,2,117.1367551000003,,,,,,,,,,,,,,,117.12440739999874,117.63742540001113,117.63742540001113,117.88851790000626,118.19309460000659,down,1,0.5475276000070153,None,,,,2791473,001,35,2026-05-07_12h55.15.438,stroop_group,,2026.1.3,59.95264939465186,2026-05-07 12h55.15.544208 +0300,
TR,mavi,red,left,0,8,8,0,,,,,left,1,0.5287932999926852,None,,,,,0,8,8,11,118.20375220000278,,,,,,,,,,,,,,,118.19767400001001,118.70470159999968,118.70470159999968,118.95491960000072,119.24317529999826,left,1,0.5287932999926852,None,,,,2791473,001,35,2026-05-07_12h55.15.438,stroop_group,,2026.1.3,59.95264939465186,2026-05-07 12h55.15.544208 +0300,
EN,red,red,left,1,9,9,0,,,,,left,1,0.5734766000095988,None,,,,,0,9,9,0,119.25373350000882,,,,,,,,,,,,,,,119.24739220000629,119.771361600011,119.771361600011,120.02127230000042,120.34809240000322,left,1,0.5734766000095988,None,,,,2791473,001,35,2026-05-07_12h55.15.438,stroop_group,,2026.1.3,59.95264939465186,2026-05-07 12h55.15.544208 +0300,
TR,yeşil,green,down,1,10,10,0,,,,,down,1,0.6968645000015385,None,,,,,0,10,10,8,120.37218679999933,,,,,,,,,,,,,,,120.35540790000232,120.85380779999832,120.85380779999832,121.10497410000244,121.5633208000072,down,1,0.6968645000015385,None,,,,2791473,001,35,2026-05-07_12h55.15.438,stroop_group,,2026.1.3,59.95264939465186,2026-05-07 12h55.15.544208 +0300,
EN,blue,red,left,0,11,11,0,,,,,left,1,0.9202266999927815,None,,,,,0,11,11,5,121.58804930000042,,,,,,,,,,,,,,,121.57086649999837,122.07149899999786,122.07149899999786,122.33722719999787,122.99413990000903,left,1,0.9202266999927815,None,,,,2791473,001,35,2026-05-07_12h55.15.438,stroop_group,,2026.1.3,59.95264939465186,2026-05-07 12h55.15.544208 +0300,
TR,yeşil,green,down,1,12,0,1,,,,,down,1,0.6531699999904959,None,,,,,1,0,12,8,123.02514650000376,,,,,,,,,,,,,,,123.00010119999934,123.50452840000798,123.50452840000798,123.75458690000232,124.15844060000381,down,1,0.6531699999904959,None,,,,2791473,001,35,2026-05-07_12h55.15.438,stroop_group,,2026.1.3,59.95264939465186,2026-05-07 12h55.15.544208 +0300,
EN,green,green,down,1,13,1,1,,,,,down,1,0.6459066999959759,None,,,,,1,1,13,2,124.17110890000185,,,,,,,,,,,,,,,124.16232830000808,124.6712286999973,124.6712286999973,124.92097640001157,125.32746749999933,down,1,0.6459066999959759,None,,,,2791473,001,35,2026-05-07_12h55.15.438,stroop_group,,2026.1.3,59.95264939465186,2026-05-07 12h55.15.544208 +0300,
EN,blue,red,left,0,14,2,1,,,,,left,1,0.8007195000100182,None,,,,,1,2,14,5,125.3386204999988,,,,,,,,,,,,,,,125.33228940000117,125.8382746999996,125.8382746999996,126.08886129999883,126.64645230000315,left,1,0.8007195000100182,None,,,,2791473,001,35,2026-05-07_12h55.15.438,stroop_group,,2026.1.3,59.95264939465186,2026-05-07 12h55.15.544208 +0300,
EN,green,blue,right,0,15,3,1,,,,,right,1,0.7014292999956524,None,,,,,1,3,15,3,126.67192510000314,,,,,,,,,,,,,,,126.65369200000714,127.15453590000106,127.15453590000106,127.42024570000649,127.86560289999761,right,1,0.7014292999956524,None,,,,2791473,001,35,2026-05-07_12h55.15.438,stroop_group,,2026.1.3,59.95264939465186,2026-05-07 12h55.15.544208 +0300,
TR,kırmızı,red,left,1,16,4,1,,,,,left,1,0.523176800008514,None,,,,,1,4,16,6,127.88761020000675,,,,,,,,,,,,,,,127.87183170000208,128.37161300001026,128.37161300001026,128.6422145000106,128.90091579999716,left,1,0.523176800008514,None,,,,2791473,001,35,2026-05-07_12h55.15.438,stroop_group,,2026.1.3,59.95264939465186,2026-05-07 12h55.15.544208 +0300,
TR,kırmızı,green,down,0,17,5,1,,,,,down,1,0.66138669999782,None,,,,,1,5,17,7,128.92517719999887,,,,,,,,,,,,,,,128.90211989999807,129.42116389999865,129.42116389999865,129.67056850000517,130.09406509999826,down,1,0.66138669999782,None,,,,2791473,001,35,2026-05-07_12h55.15.438,stroop_group,,2026.1.3,59.95264939465186,2026-05-07 12h55.15.544208 +0300,
EN,red,green,down,0,18,6,1,,,,,down,1,0.7450984000024619,None,,,,,1,6,18,1,130.1219310000015,,,,,,,,,,,,,,,130.0996598000056,130.60442519999924,130.60442519999924,130.8544172999973,131.36038550001103,down,1,0.7450984000024619,None,,,,2791473,001,35,2026-05-07_12h55.15.438,stroop_group,,2026.1.3,59.95264939465186,2026-05-07 12h55.15.544208 +0300,
EN,blue,blue,right,1,19,7,1,,,,,right,1,0.5865202999993926,None,,,,,1,7,19,4,131.3876447000075,,,,,,,,,,,,,,,131.36639160000777,131.87119499999972,131.87119499999972,132.12156610000238,132.46341130000656,right,1,0.5865202999993926,None,,,,2791473,001,35,2026-05-07_12h55.15.438,stroop_group,,2026.1.3,59.95264939465186,2026-05-07 12h55.15.544208 +0300,
TR,mavi,blue,right,1,20,8,1,,,,,right,1,0.38155469999765046,None,,,,,1,8,20,10,132.48740540001018,,,,,,,,,,,,,,,132.46949519999907,132.9702907000028,132.9702907000028,133.22036079999816,133.3639283000084,right,1,0.38155469999765046,None,,,,2791473,001,35,2026-05-07_12h55.15.438,stroop_group,,2026.1.3,59.95264939465186,2026-05-07 12h55.15.544208 +0300,
EN,red,red,left,1,21,9,1,,,,,left,1,0.5800980000058189,None,,,,,1,9,21,0,133.38880410000274,,,,,,,,,,,,,,,133.37046160000318,133.87172130000545,133.87172130000545,134.12113850000605,134.4634708000085,left,1,0.5800980000058189,None,,,,2791473,001,35,2026-05-07_12h55.15.438,stroop_group,,2026.1.3,59.95264939465186,2026-05-07 12h55.15.544208 +0300,
TR,yeşil,blue,right,0,22,10,1,,,,,right,1,0.5441298999940045,None,,,,,1,10,22,9,134.4883078999992,,,,,,,,,,,,,,,134.4699396000069,134.9718670000002,134.9718670000002,135.2404680000036,135.5297794000071,right,1,0.5441298999940045,None,,,,2791473,001,35,2026-05-07_12h55.15.438,stroop_group,,2026.1.3,59.95264939465186,2026-05-07 12h55.15.544208 +0300,
TR,mavi,red,left,0,23,11,1,,,,,left,1,0.4883421999984421,None,,,,,1,11,23,11,135.55811790000007,,,,,,,,,,,,,,,135.53694460001134,136.03726660000393,136.03726660000393,136.28781300000264,136.5280505999981,left,1,0.4883421999984421,None,,,,2791473,001,35,2026-05-07_12h55.15.438,stroop_group,,2026.1.3,59.95264939465186,2026-05-07 12h55.15.544208 +0300,
TR,kırmızı,red,left,1,24,0,2,,,,,left,1,0.9076556000072742,None,,,,,2,0,24,6,136.55527710000752,,,,,,,,,,,,,,,136.5335555000056,137.03749690001132,137.03749690001132,137.3027951999975,137.9637880000082,left,1,0.9076556000072742,None,,,,2791473,001,35,2026-05-07_12h55.15.438,stroop_group,,2026.1.3,59.95264939465186,2026-05-07 12h55.15.544208 +0300,
TR,yeşil,blue,right,0,25,1,2,,,,,right,1,0.34179149998817593,None,,,,,2,1,25,9,137.99148520000745,,,,,,,,,,,,,,,137.97096720000263,138.47024170000805,138.47024170000805,138.7213538000069,138.8246969000029,right,1,0.34179149998817593,None,,,,2791473,001,35,2026-05-07_12h55.15.438,stroop_group,,2026.1.3,59.95264939465186,2026-05-07 12h55.15.544208 +0300,
EN,green,blue,right,0,26,2,2,,,,,left,0,0.8128711000026669,None,,,,,2,2,26,3,138.8361830000067,,,,,,,,,,,,,,,138.82845570000063,139.33781500000623,139.33781500000623,139.5872437000071,140.1632185000053,left,0,0.8128711000026669,None,,,,2791473,001,35,2026-05-07_12h55.15.438,stroop_group,,2026.1.3,59.95264939465186,2026-05-07 12h55.15.544208 +0300,
EN,blue,blue,right,1,27,3,2,,,,,right,1,0.8599281999922823,None,,,,,2,3,27,4,140.18616740001016,,,,,,,,,,,,,,,140.16893480000726,140.66974300000584,140.66974300000584,140.92117580000195,141.53121909999754,right,1,0.8599281999922823,None,,,,2791473,001,35,2026-05-07_12h55.15.438,stroop_group,,2026.1.3,59.95264939465186,2026-05-07 12h55.15.544208 +0300,
EN,green,green,down,1,28,4,2,,,,,down,1,0.5927418999926886,None,,,,,2,4,28,2,141.55521130000125,,,,,,,,,,,,,,,141.53878319999785,142.03717100000358,142.03717100000358,142.28785180000705,142.64283409999916,down,1,0.5927418999926886,None,,,,2791473,001,35,2026-05-07_12h55.15.438,stroop_group,,2026.1.3,59.95264939465186,2026-05-07 12h55.15.544208 +0300,
EN,red,green,down,0,29,5,2,,,,,down,1,0.410659700006363,None,,,,,2,5,29,1,142.65266690000135,,,,,,,,,,,,,,,142.6472472000023,143.1540107000037,143.1540107000037,143.40400999999838,143.57762910000747,down,1,0.410659700006363,None,,,,2791473,001,35,2026-05-07_12h55.15.438,stroop_group,,2026.1.3,59.95264939465186,2026-05-07 12h55.15.544208 +0300,
EN,blue,red,left,0,30,6,2,,,,,left,1,0.6232844999904046,None,,,,,2,6,30,5,143.6070505000098,,,,,,,,,,,,,,,143.582488,144.08621200000925,144.08621200000925,144.33788400000776,144.71302650000143,left,1,0.6232844999904046,None,,,,2791473,001,35,2026-05-07_12h55.15.438,stroop_group,,2026.1.3,59.95264939465186,2026-05-07 12h55.15.544208 +0300,
TR,mavi,blue,right,1,31,7,2,,,,,right,1,0.7919779999938328,None,,,,,2,7,31,10,144.7403900000063,,,,,,,,,,,,,,,144.71889910000027,145.2203312000056,145.2203312000056,145.48565640000743,146.02862740001,right,1,0.7919779999938328,None,,,,2791473,001,35,2026-05-07_12h55.15.438,stroop_group,,2026.1.3,59.95264939465186,2026-05-07 12h55.15.544208 +0300,
EN,red,red,left,1,32,8,2,,,,,left,1,0.6033386000053724,None,,,,,2,8,32,0,146.05849690000468,,,,,,,,,,,,,,,146.03465709999728,146.53629470001033,146.53629470001033,146.78584530000808,147.14066930000263,left,1,0.6033386000053724,None,,,,2791473,001,35,2026-05-07_12h55.15.438,stroop_group,,2026.1.3,59.95264939465186,2026-05-07 12h55.15.544208 +0300,
TR,yeşil,green,down,1,33,9,2,,,,,down,1,0.8529245999961859,None,,,,,2,9,33,8,147.15411960000347,,,,,,,,,,,,,,,147.14439690001018,147.65387470000132,147.65387470000132,147.9039497000049,148.5119876000099,down,1,0.8529245999961859,None,,,,2791473,001,35,2026-05-07_12h55.15.438,stroop_group,,2026.1.3,59.95264939465186,2026-05-07 12h55.15.544208 +0300,
TR,mavi,red,left,0,34,10,2,,,,,left,1,0.6112943999905838,None,,,,,2,10,34,11,148.54068940000434,,,,,,,,,,,,,,,148.5178689000022,149.02076290000696,149.02076290000696,149.27052679999906,149.6433776000049,left,1,0.6112943999905838,None,,,,2791473,001,35,2026-05-07_12h55.15.438,stroop_group,,2026.1.3,59.95264939465186,2026-05-07 12h55.15.544208 +0300,
TR,kırmızı,green,down,0,35,11,2,,,,,down,1,0.6944875999906799,None,,,,,2,11,35,7,149.6722451000096,,,,,,,,,,,,,,,149.65037070000835,150.15369970000756,150.15369970000756,150.40411960000347,150.8604558000079,down,1,0.6944875999906799,None,,,,2791473,001,35,2026-05-07_12h55.15.438,stroop_group,,2026.1.3,59.95264939465186,2026-05-07 12h55.15.544208 +0300,
EN,green,green,down,1,36,0,3,,,,,down,1,0.4356638000026578,None,,,,,3,0,36,2,150.88626739999745,,,,,,,,,,,,,,,150.86531269999978,151.3690140000108,151.3690140000108,151.62080350000178,151.8102673000103,down,1,0.4356638000026578,None,,,,2791473,001,35,2026-05-07_12h55.15.438,stroop_group,,2026.1.3,59.95264939465186,2026-05-07 12h55.15.544208 +0300,
EN,red,red,left,1,37,1,3,,,,,left,1,0.578162899997551,None,,,,,3,1,37,0,151.83693990000756,,,,,,,,,,,,,,,151.81537989999924,152.32065420001163,152.32065420001163,152.5700269000081,152.90959470000234,left,1,0.578162899997551,None,,,,2791473,001,35,2026-05-07_12h55.15.438,stroop_group,,2026.1.3,59.95264939465186,2026-05-07 12h55.15.544208 +0300,
TR,kırmızı,green,down,0,38,2,3,,,,,down,1,1.4237979999888921,None,,,,,3,2,38,7,152.93730050000886,,,,,,,,,,,,,,,152.9158374000108,153.42027630000666,153.42027630000666,153.6708129000035,154.85947039999883,down,1,1.4237979999888921,None,,,,2791473,001,35,2026-05-07_12h55.15.438,stroop_group,,2026.1.3,59.95264939465186,2026-05-07 12h55.15.544208 +0300,
EN,green,blue,right,0,39,3,3,,,,,right,1,0.7171872000035364,None,,,,,3,3,39,3,154.87019390000205,,,,,,,,,,,,,,,154.86473990000377,155.37047439999878,155.37047439999878,155.62037960000453,156.09305470000254,right,1,0.7171872000035364,None,,,,2791473,001,35,2026-05-07_12h55.15.438,stroop_group,,2026.1.3,59.95264939465186,2026-05-07 12h55.15.544208 +0300,
TR,mavi,blue,right,1,40,4,3,,,,,right,1,0.434050700001535,None,,,,,3,4,40,10,156.1202145999996,,,,,,,,,,,,,,,156.0989108000067,156.60247460000392,156.60247460000392,156.85366910000448,157.0449537000095,right,1,0.434050700001535,None,,,,2791473,001,35,2026-05-07_12h55.15.438,stroop_group,,2026.1.3,59.95264939465186,2026-05-07 12h55.15.544208 +0300,
TR,mavi,red,left,0,41,5,3,,,,,left,1,0.5298923000082141,None,,,,,3,5,41,11,157.05256440000085,,,,,,,,,,,,,,,157.04607450000185,157.55396330000076,157.55396330000076,157.80347990000155,158.09389309999824,left,1,0.5298923000082141,None,,,,2791473,001,35,2026-05-07_12h55.15.438,stroop_group,,2026.1.3,59.95264939465186,2026-05-07 12h55.15.544208 +0300,
TR,yeşil,blue,right,0,42,6,3,,,,,right,1,1.0898285000002943,None,,,,,3,6,42,9,158.1199229000049,,,,,,,,,,,,,,,158.0995280000061,158.6039177000057,158.6039177000057,158.85289330000523,159.71026079999865,right,1,1.0898285000002943,None,,,,2791473,001,35,2026-05-07_12h55.15.438,stroop_group,,2026.1.3,59.95264939465186,2026-05-07 12h55.15.544208 +0300,
EN,red,green,down,0,43,7,3,,,,,down,1,0.5736144999973476,None,,,,,3,7,43,1,159.72048010000435,,,,,,,,,,,,,,,159.71509260000312,160.22151480001048,160.22151480001048,160.48550619999878,160.80959699999948,down,1,0.5736144999973476,None,,,,2791473,001,35,2026-05-07_12h55.15.438,stroop_group,,2026.1.3,59.95264939465186,2026-05-07 12h55.15.544208 +0300,
EN,blue,blue,right,1,44,8,3,,,,,right,1,0.6568259999912698,None,,,,,3,8,44,4,160.8367275000055,,,,,,,,,,,,,,,160.81470480001008,161.32075270000496,161.32075270000496,161.6069758000085,161.97922429999744,right,1,0.6568259999912698,None,,,,2791473,001,35,2026-05-07_12h55.15.438,stroop_group,,2026.1.3,59.95264939465186,2026-05-07 12h55.15.544208 +0300,
TR,yeşil,green,down,1,45,9,3,,,,,down,1,0.8900076999998419,None,,,,,3,9,45,8,162.00215240000398,,,,,,,,,,,,,,,161.98527070001,162.48635710000235,162.48635710000235,162.73636039999838,163.3932671000075,down,1,0.8900076999998419,None,,,,2791473,001,35,2026-05-07_12h55.15.438,stroop_group,,2026.1.3,59.95264939465186,2026-05-07 12h55.15.544208 +0300,
TR,kırmızı,red,left,1,46,10,3,,,,,left,1,0.5341626000008546,None,,,,,3,10,46,6,163.42032040000777,,,,,,,,,,,,,,,163.39998460000788,163.9198916000023,163.9198916000023,164.16990020000958,164.46034679999866,left,1,0.5341626000008546,None,,,,2791473,001,35,2026-05-07_12h55.15.438,stroop_group,,2026.1.3,59.95264939465186,2026-05-07 12h55.15.544208 +0300,
EN,blue,red,left,0,47,11,3,,,,,left,1,0.6271393000060925,None,,,,,3,11,47,5,164.4871739000082,,,,,,,,,,,,,,,164.46518150001066,164.97272550000343,164.97272550000343,165.2367169000063,165.6119938000047,left,1,0.6271393000060925,None,,,,2791473,001,35,2026-05-07_12h55.15.438,stroop_group,,2026.1.3,59.95264939465186,2026-05-07 12h55.15.544208 +0300,
TR,mavi,red,left,0,48,0,4,,,,,left,1,0.4316521000000648,None,,,,,4,0,48,11,165.63985920000414,,,,,,,,,,,,,,,165.61849520000396,166.11956330000248,166.11956330000248,166.37041470000986,166.55842329999723,left,1,0.4316521000000648,None,,,,2791473,001,35,2026-05-07_12h55.15.438,stroop_group,,2026.1.3,59.95264939465186,2026-05-07 12h55.15.544208 +0300,
TR,kırmızı,red,left,1,49,1,4,,,,,left,1,0.5395084000047063,None,,,,,4,1,49,6,166.5686457999982,,,,,,,,,,,,,,,166.5630197999999,167.06852739999886,167.06852739999886,167.31897870000103,167.61136039999838,left,1,0.5395084000047063,None,,,,2791473,001,35,2026-05-07_12h55.15.438,stroop_group,,2026.1.3,59.95264939465186,2026-05-07 12h55.15.544208 +0300,
TR,yeşil,green,down,1,50,2,4,,,,,down,1,0.6336449000082212,None,,,,,4,2,50,8,167.6355698999978,,,,,,,,,,,,,,,167.61775470001157,168.12013550000847,168.12013550000847,168.36990430000878,168.75916040000448,down,1,0.6336449000082212,None,,,,2791473,001,35,2026-05-07_12h55.15.438,stroop_group,,2026.1.3,59.95264939465186,2026-05-07 12h55.15.544208 +0300,
TR,mavi,blue,right,1,51,3,4,,,,,right,1,0.4218092999944929,None,,,,,4,3,51,10,168.76837879999948,,,,,,,,,,,,,,,168.76383239999996,169.26986770000076,169.26986770000076,169.5193156000023,169.6965552000038,right,1,0.4218092999944929,None,,,,2791473,001,35,2026-05-07_12h55.15.438,stroop_group,,2026.1.3,59.95264939465186,2026-05-07 12h55.15.544208 +0300,
TR,yeşil,blue,right,0,52,4,4,,,,,right,1,0.33424520000698976,None,,,,,4,4,52,9,169.72014540000237,,,,,,,,,,,,,,,169.70361380001123,170.20300490000227,170.20300490000227,170.46942280000076,170.5460987000115,right,1,0.33424520000698976,None,,,,2791473,001,35,2026-05-07_12h55.15.438,stroop_group,,2026.1.3,59.95264939465186,2026-05-07 12h55.15.544208 +0300,
EN,red,red,left,1,53,5,4,,,,,left,1,0.44099579998874106,None,,,,,4,5,53,0,170.57056659999944,,,,,,,,,,,,,,,170.55301440000767,171.05318850000913,171.05318850000913,171.30259940000542,171.5090443000081,left,1,0.44099579998874106,None,,,,2791473,001,35,2026-05-07_12h55.15.438,stroop_group,,2026.1.3,59.95264939465186,2026-05-07 12h55.15.544208 +0300,
EN,green,green,down,1,54,6,4,,,,,down,1,0.6723559999954887,None,,,,,4,6,54,2,171.53873810000368,,,,,,,,,,,,,,,171.51429600000847,172.0193150999985,172.0193150999985,172.2708488000062,172.69295579999743,down,1,0.6723559999954887,None,,,,2791473,001,35,2026-05-07_12h55.15.438,stroop_group,,2026.1.3,59.95264939465186,2026-05-07 12h55.15.544208 +0300,
EN,blue,red,left,0,55,7,4,,,,,left,1,0.6883701000042493,None,,,,,4,7,55,5,172.72005270000955,,,,,,,,,,,,,,,172.69955460001074,173.20172310000635,173.20172310000635,173.45157050000853,173.8940852000087,left,1,0.6883701000042493,None,,,,2791473,001,35,2026-05-07_12h55.15.438,stroop_group,,2026.1.3,59.95264939465186,2026-05-07 12h55.15.544208 +0300,
EN,green,blue,right,0,56,8,4,,,,,right,1,0.5330765000107931,None,,,,,4,8,56,3,173.92020120000234,,,,,,,,,,,,,,,173.90060049999738,174.4019077999983,174.4019077999983,174.65176470000006,174.94498759999988,right,1,0.5330765000107931,None,,,,2791473,001,35,2026-05-07_12h55.15.438,stroop_group,,2026.1.3,59.95264939465186,2026-05-07 12h55.15.544208 +0300,
EN,red,green,down,0,57,9,4,,,,,down,1,0.5842145000060555,None,,,,,4,9,57,1,174.97047430000384,,,,,,,,,,,,,,,174.95076330000302,175.4522680000082,175.4522680000082,175.70367670000996,176.0429540000041,down,1,0.5842145000060555,None,,,,2791473,001,35,2026-05-07_12h55.15.438,stroop_group,,2026.1.3,59.95264939465186,2026-05-07 12h55.15.544208 +0300,
EN,blue,blue,right,1,58,10,4,,,,,down,0,0.5207058999949368,None,,,,,4,10,58,4,176.06999010000436,,,,,,,,,,,,,,,176.04792760001146,176.5523838000081,176.5523838000081,176.81786940000893,177.0774880000099,down,0,0.5207058999949368,None,,,,2791473,001,35,2026-05-07_12h55.15.438,stroop_group,,2026.1.3,59.95264939465186,2026-05-07 12h55.15.544208 +0300,
TR,kırmızı,green,down,0,59,11,4,,,,,down,1,1.192239799987874,None,,,,,4,11,59,7,177.10207829999854,,,,,,,,,,,,,,,177.08487839999725,177.58599000000686,177.58599000000686,177.83560370000487,178.7945463000069,down,1,1.192239799987874,None,,,,2791473,001,35,2026-05-07_12h55.15.438,stroop_group,,2026.1.3,59.95264939465186,2026-05-07 12h55.15.544208 +0300,
,,,,,,,,,,,,,,,,,,,,,,,,,,,,,,,,,,,,,,,,,,,,,,,,178.7948757999984,178.80417529999977,180.81060799999977,2791473,001,35,2026-05-07_12h55.15.438,stroop_group,,2026.1.3,59.95264939465186,2026-05-07 12h55.15.544208 +0300,
