instructions.started,instructions.stopped,participant,session,age (years),date,expName,psychopyVersion,OS,frameRate,trial.started,trial.stopped,resp.keys,resp.corr,resp.rt,resp.duration,trials_nomax.thisRepN,trials_nomax.thisTrialN,trials_nomax.thisN,trials_nomax.thisIndex,trials_nomax.ran,language,word,letterColor,corrAns,congruent,__trial_min.started,__trial_min.stopped,resp_min.keys,resp_min.corr,resp_min.rt,resp_min.duration,trials_min.thisRepN,trials_min.thisTrialN,trials_min.thisN,trials_min.thisIndex,trials_min.ran,thanks.started,thanks.stopped
0.0002,3.3949,funda,001,26,2026-05-07_12h54.33.059,stroop_group,2026.1.3,Win32,120.4819277,,,,,,,,,,,,,,,,,,,,,,,,,,,,,
,,funda,001,26,2026-05-07_12h54.33.059,stroop_group,2026.1.3,Win32,120.4819277,3.4137,5.8618,left,1,1.9273,,0,0,0,11,1,TR,mavi,red,left,0,,,,,,,,,,,,,
,,funda,001,26,2026-05-07_12h54.33.059,stroop_group,2026.1.3,Win32,120.4819277,5.8634,8.0612,left,1,1.6856,,0,1,1,0,1,EN,red,red,left,1,,,,,,,,,,,,,
,,funda,001,26,2026-05-07_12h54.33.059,stroop_group,2026.1.3,Win32,120.4819277,8.0632,9.6364,left,1,1.0551,,0,2,2,6,1,TR,kırmızı,red,left,1,,,,,,,,,,,,,
,,funda,001,26,2026-05-07_12h54.33.059,stroop_group,2026.1.3,Win32,120.4819277,9.6378,12.9526,right,1,2.7954,,0,3,3,3,1,EN,green,blue,right,0,,,,,,,,,,,,,
,,funda,001,26,2026-05-07_12h54.33.059,stroop_group,2026.1.3,Win32,120.4819277,12.9542,15.144,down,1,1.6752,,0,4,4,8,1,TR,yeşil,green,down,1,,,,,,,,,,,,,
,,funda,001,26,2026-05-07_12h54.33.059,stroop_group,2026.1.3,Win32,120.4819277,15.1449,18.3613,down,1,2.6949,,0,5,5,1,1,EN,red,green,down,0,,,,,,,,,,,,,
,,funda,001,26,2026-05-07_12h54.33.059,stroop_group,2026.1.3,Win32,120.4819277,18.3635,20.6774,left,1,1.7943,,0,6,6,5,1,EN,blue,red,left,0,,,,,,,,,,,,,
,,funda,001,26,2026-05-07_12h54.33.059,stroop_group,2026.1.3,Win32,120.4819277,20.6783,23.4032,down,1,2.2065,,0,7,7,7,1,TR,kırmızı,green,down,0,,,,,,,,,,,,,
,,funda,001,26,2026-05-07_12h54.33.059,stroop_group,2026.1.3,Win32,120.4819277,23.4044,25.5609,right,1,1.6333,,0,8,8,10,1,TR,mavi,blue,right,1,,,,,,,,,,,,,
,,funda,001,26,2026-05-07_12h54.33.059,stroop_group,2026.1.3,Win32,120.4819277,25.5618,27.5694,right,1,1.4882,,0,9,9,9,1,TR,yeşil,blue,right,0,,,,,,,,,,,,,
,,funda,001,26,2026-05-07_12h54.33.059,stroop_group,2026.1.3,Win32,120.4819277,27.5704,29.2704,right,1,1.1762,,0,10,10,4,1,EN,blue,blue,right,1,,,,,,,,,,,,,
,,funda,001,26,2026-05-07_12h54.33.059,stroop_group,2026.1.3,Win32,120.4819277,29.2717,30.799,down,1,1.0088,,0,11,11,2,1,EN,green,green,down,1,,,,,,,,,,,,,
,,funda,001,26,2026-05-07_12h54.33.059,stroop_group,2026.1.3,Win32,120.4819277,30.8001,32.2814,down,1,0.9662,,1,0,12,7,1,TR,kırmızı,green,down,0,,,,,,,,,,,,,
,,funda,001,26,2026-05-07_12h54.33.059,stroop_group,2026.1.3,Win32,120.4819277,32.2825,33.7906,left,1,0.9933,,1,1,13,5,1,EN,blue,red,left,0,,,,,,,,,,,,,
,,funda,001,26,2026-05-07_12h54.33.059,stroop_group,2026.1.3,Win32,120.4819277,33.7917,35.2404,left,1,0.934,,1,2,14,0,1,EN,red,red,left,1,,,,,,,,,,,,,
,,funda,001,26,2026-05-07_12h54.33.059,stroop_group,2026.1.3,Win32,120.4819277,35.241,36.7313,down,1,0.9755,,1,3,15,1,1,EN,red,green,down,0,,,,,,,,,,,,,
,,funda,001,26,2026-05-07_12h54.33.059,stroop_group,2026.1.3,Win32,120.4819277,36.7324,37.8521,down,1,0.6029,,1,4,16,8,1,TR,yeşil,green,down,1,,,,,,,,,,,,,
,,funda,001,26,2026-05-07_12h54.33.059,stroop_group,2026.1.3,Win32,120.4819277,37.8527,39.1022,right,1,0.7392,,1,5,17,9,1,TR,yeşil,blue,right,0,,,,,,,,,,,,,
,,funda,001,26,2026-05-07_12h54.33.059,stroop_group,2026.1.3,Win32,120.4819277,39.1035,40.211,right,1,0.5854,,1,6,18,10,1,TR,mavi,blue,right,1,,,,,,,,,,,,,
,,funda,001,26,2026-05-07_12h54.33.059,stroop_group,2026.1.3,Win32,120.4819277,40.2123,41.4528,down,1,0.7186,,1,7,19,2,1,EN,green,green,down,1,,,,,,,,,,,,,
,,funda,001,26,2026-05-07_12h54.33.059,stroop_group,2026.1.3,Win32,120.4819277,41.4536,42.9438,right,1,0.9782,,1,8,20,3,1,EN,green,blue,right,0,,,,,,,,,,,,,
,,funda,001,26,2026-05-07_12h54.33.059,stroop_group,2026.1.3,Win32,120.4819277,42.9454,44.5317,left,1,1.0672,,1,9,21,6,1,TR,kırmızı,red,left,1,,,,,,,,,,,,,
,,funda,001,26,2026-05-07_12h54.33.059,stroop_group,2026.1.3,Win32,120.4819277,44.5329,45.823,right,1,0.7757,,1,10,22,4,1,EN,blue,blue,right,1,,,,,,,,,,,,,
,,funda,001,26,2026-05-07_12h54.33.059,stroop_group,2026.1.3,Win32,120.4819277,45.8245,47.4108,left,1,1.0687,,1,11,23,11,1,TR,mavi,red,left,0,,,,,,,,,,,,,
,,funda,001,26,2026-05-07_12h54.33.059,stroop_group,2026.1.3,Win32,120.4819277,47.412,48.6312,left,1,0.7002,,2,0,24,0,1,EN,red,red,left,1,,,,,,,,,,,,,
,,funda,001,26,2026-05-07_12h54.33.059,stroop_group,2026.1.3,Win32,120.4819277,48.6326,50.1318,left,1,0.9839,,2,1,25,6,1,TR,kırmızı,red,left,1,,,,,,,,,,,,,
,,funda,001,26,2026-05-07_12h54.33.059,stroop_group,2026.1.3,Win32,120.4819277,50.1333,51.7117,right,1,1.0641,,2,2,26,4,1,EN,blue,blue,right,1,,,,,,,,,,,,,
,,funda,001,26,2026-05-07_12h54.33.059,stroop_group,2026.1.3,Win32,120.4819277,51.7131,52.9064,right,1,0.6752,,2,3,27,10,1,TR,mavi,blue,right,1,,,,,,,,,,,,,
,,funda,001,26,2026-05-07_12h54.33.059,stroop_group,2026.1.3,Win32,120.4819277,52.9078,54.0024,down,1,0.58,,2,4,28,2,1,EN,green,green,down,1,,,,,,,,,,,,,
,,funda,001,26,2026-05-07_12h54.33.059,stroop_group,2026.1.3,Win32,120.4819277,54.0039,55.444,down,1,0.919,,2,5,29,7,1,TR,kırmızı,green,down,0,,,,,,,,,,,,,
,,funda,001,26,2026-05-07_12h54.33.059,stroop_group,2026.1.3,Win32,120.4819277,55.4451,56.5728,down,1,0.6088,,2,6,30,8,1,TR,yeşil,green,down,1,,,,,,,,,,,,,
,,funda,001,26,2026-05-07_12h54.33.059,stroop_group,2026.1.3,Win32,120.4819277,56.5744,58.2608,right,1,1.1721,,2,7,31,3,1,EN,green,blue,right,0,,,,,,,,,,,,,
,,funda,001,26,2026-05-07_12h54.33.059,stroop_group,2026.1.3,Win32,120.4819277,58.2623,59.7432,left,1,0.9589,,2,8,32,5,1,EN,blue,red,left,0,,,,,,,,,,,,,
,,funda,001,26,2026-05-07_12h54.33.059,stroop_group,2026.1.3,Win32,120.4819277,59.744,61.2939,right,1,1.0302,,2,9,33,9,1,TR,yeşil,blue,right,0,,,,,,,,,,,,,
,,funda,001,26,2026-05-07_12h54.33.059,stroop_group,2026.1.3,Win32,120.4819277,61.295,62.6606,left,1,0.8507,,2,10,34,11,1,TR,mavi,red,left,0,,,,,,,,,,,,,
,,funda,001,26,2026-05-07_12h54.33.059,stroop_group,2026.1.3,Win32,120.4819277,62.662,64.8266,down,1,1.6426,,2,11,35,1,1,EN,red,green,down,0,,,,,,,,,,,,,
,,funda,001,26,2026-05-07_12h54.33.059,stroop_group,2026.1.3,Win32,120.4819277,64.8276,65.9802,right,1,0.633,,3,0,36,10,1,TR,mavi,blue,right,1,,,,,,,,,,,,,
,,funda,001,26,2026-05-07_12h54.33.059,stroop_group,2026.1.3,Win32,120.4819277,65.9813,67.5348,right,1,1.0355,,3,1,37,3,1,EN,green,blue,right,0,,,,,,,,,,,,,
,,funda,001,26,2026-05-07_12h54.33.059,stroop_group,2026.1.3,Win32,120.4819277,67.5363,68.9345,left,1,0.8775,,3,2,38,0,1,EN,red,red,left,1,,,,,,,,,,,,,
,,funda,001,26,2026-05-07_12h54.33.059,stroop_group,2026.1.3,Win32,120.4819277,68.9353,70.3017,right,1,0.843,,3,3,39,4,1,EN,blue,blue,right,1,,,,,,,,,,,,,
,,funda,001,26,2026-05-07_12h54.33.059,stroop_group,2026.1.3,Win32,120.4819277,70.3029,71.6348,down,1,0.8134,,3,4,40,1,1,EN,red,green,down,0,,,,,,,,,,,,,
,,funda,001,26,2026-05-07_12h54.33.059,stroop_group,2026.1.3,Win32,120.4819277,71.6358,73.056,down,1,0.901,,3,5,41,7,1,TR,kırmızı,green,down,0,,,,,,,,,,,,,
,,funda,001,26,2026-05-07_12h54.33.059,stroop_group,2026.1.3,Win32,120.4819277,73.0575,74.31,down,1,0.7345,,3,6,42,2,1,EN,green,green,down,1,,,,,,,,,,,,,
,,funda,001,26,2026-05-07_12h54.33.059,stroop_group,2026.1.3,Win32,120.4819277,74.3116,75.6266,right,1,0.7959,,3,7,43,9,1,TR,yeşil,blue,right,0,,,,,,,,,,,,,
,,funda,001,26,2026-05-07_12h54.33.059,stroop_group,2026.1.3,Win32,120.4819277,75.6272,77.0928,down,1,0.955,,3,8,44,8,1,TR,yeşil,green,down,1,,,,,,,,,,,,,
,,funda,001,26,2026-05-07_12h54.33.059,stroop_group,2026.1.3,Win32,120.4819277,77.0942,78.0218,left,1,0.4087,,3,9,45,5,1,EN,blue,red,left,0,,,,,,,,,,,,,
,,funda,001,26,2026-05-07_12h54.33.059,stroop_group,2026.1.3,Win32,120.4819277,78.023,79.1138,left,1,0.5755,,3,10,46,6,1,TR,kırmızı,red,left,1,,,,,,,,,,,,,
,,funda,001,26,2026-05-07_12h54.33.059,stroop_group,2026.1.3,Win32,120.4819277,79.115,80.451,left,1,0.8185,,3,11,47,11,1,TR,mavi,red,left,0,,,,,,,,,,,,,
,,funda,001,26,2026-05-07_12h54.33.059,stroop_group,2026.1.3,Win32,120.4819277,80.452,81.5696,down,1,0.5988,,4,0,48,7,1,TR,kırmızı,green,down,0,,,,,,,,,,,,,
,,funda,001,26,2026-05-07_12h54.33.059,stroop_group,2026.1.3,Win32,120.4819277,81.57,82.7094,left,1,0.6205,,4,1,49,6,1,TR,kırmızı,red,left,1,,,,,,,,,,,,,
,,funda,001,26,2026-05-07_12h54.33.059,stroop_group,2026.1.3,Win32,120.4819277,82.7105,83.6178,left,1,0.3863,,4,2,50,0,1,EN,red,red,left,1,,,,,,,,,,,,,
,,funda,001,26,2026-05-07_12h54.33.059,stroop_group,2026.1.3,Win32,120.4819277,83.6191,84.8269,right,1,0.6893,,4,3,51,10,1,TR,mavi,blue,right,1,,,,,,,,,,,,,
,,funda,001,26,2026-05-07_12h54.33.059,stroop_group,2026.1.3,Win32,120.4819277,84.8282,85.9651,down,1,0.6271,,4,4,52,2,1,EN,green,green,down,1,,,,,,,,,,,,,
,,funda,001,26,2026-05-07_12h54.33.059,stroop_group,2026.1.3,Win32,120.4819277,85.9663,87.0607,left,1,0.5812,,4,5,53,11,1,TR,mavi,red,left,0,,,,,,,,,,,,,
,,funda,001,26,2026-05-07_12h54.33.059,stroop_group,2026.1.3,Win32,120.4819277,87.062,88.8975,down,1,1.3176,,4,6,54,1,1,EN,red,green,down,0,,,,,,,,,,,,,
,,funda,001,26,2026-05-07_12h54.33.059,stroop_group,2026.1.3,Win32,120.4819277,88.8989,90.0894,right,1,0.6759,,4,7,55,9,1,TR,yeşil,blue,right,0,,,,,,,,,,,,,
,,funda,001,26,2026-05-07_12h54.33.059,stroop_group,2026.1.3,Win32,120.4819277,90.0907,91.0183,right,1,0.4105,,4,8,56,3,1,EN,green,blue,right,0,,,,,,,,,,,,,
,,funda,001,26,2026-05-07_12h54.33.059,stroop_group,2026.1.3,Win32,120.4819277,91.02,91.9926,right,1,0.453,,4,9,57,4,1,EN,blue,blue,right,1,,,,,,,,,,,,,
,,funda,001,26,2026-05-07_12h54.33.059,stroop_group,2026.1.3,Win32,120.4819277,91.9935,93.2646,left,1,0.7515,,4,10,58,5,1,EN,blue,red,left,0,,,,,,,,,,,,,
,,funda,001,26,2026-05-07_12h54.33.059,stroop_group,2026.1.3,Win32,120.4819277,93.2663,94.3429,down,1,0.5604,,4,11,59,8,1,TR,yeşil,green,down,1,,,,,,,,,,,,,
,,funda,001,26,2026-05-07_12h54.33.059,stroop_group,2026.1.3,Win32,120.4819277,,,,,,,,,,,,TR,mavi,red,left,0,94.3551,112.2257,down,0,17.3509,,0,0,0,11,1,,
,,funda,001,26,2026-05-07_12h54.33.059,stroop_group,2026.1.3,Win32,120.4819277,,,,,,,,,,,,TR,yeşil,green,down,1,112.2277,117.5372,down,1,4.7917,,0,1,1,8,1,,
,,funda,001,26,2026-05-07_12h54.33.059,stroop_group,2026.1.3,Win32,120.4819277,,,,,,,,,,,,EN,blue,blue,right,1,117.5384,118.9297,right,1,0.8758,,0,2,2,4,1,,
,,funda,001,26,2026-05-07_12h54.33.059,stroop_group,2026.1.3,Win32,120.4819277,,,,,,,,,,,,TR,yeşil,blue,right,0,118.9312,120.7881,right,1,1.3428,,0,3,3,9,1,,
,,funda,001,26,2026-05-07_12h54.33.059,stroop_group,2026.1.3,Win32,120.4819277,,,,,,,,,,,,EN,red,green,down,0,120.7892,122.5006,down,1,1.1941,,0,4,4,1,1,,
,,funda,001,26,2026-05-07_12h54.33.059,stroop_group,2026.1.3,Win32,120.4819277,,,,,,,,,,,,EN,blue,red,left,0,122.5018,123.5198,left,1,0.4995,,0,5,5,5,1,,
,,funda,001,26,2026-05-07_12h54.33.059,stroop_group,2026.1.3,Win32,120.4819277,,,,,,,,,,,,TR,mavi,blue,right,1,123.5211,124.7303,right,1,0.6922,,0,6,6,10,1,,
,,funda,001,26,2026-05-07_12h54.33.059,stroop_group,2026.1.3,Win32,120.4819277,,,,,,,,,,,,TR,kırmızı,green,down,0,124.7314,126.1752,down,1,0.9277,,0,7,7,7,1,,
,,funda,001,26,2026-05-07_12h54.33.059,stroop_group,2026.1.3,Win32,120.4819277,,,,,,,,,,,,EN,green,green,down,1,126.1766,127.3884,down,1,0.6925,,0,8,8,2,1,,
,,funda,001,26,2026-05-07_12h54.33.059,stroop_group,2026.1.3,Win32,120.4819277,,,,,,,,,,,,EN,red,red,left,1,127.3897,128.3883,left,1,0.4845,,0,9,9,0,1,,
,,funda,001,26,2026-05-07_12h54.33.059,stroop_group,2026.1.3,Win32,120.4819277,,,,,,,,,,,,EN,green,blue,right,0,128.3896,129.517,right,1,0.6106,,0,10,10,3,1,,
,,funda,001,26,2026-05-07_12h54.33.059,stroop_group,2026.1.3,Win32,120.4819277,,,,,,,,,,,,TR,kırmızı,red,left,1,129.5183,130.5498,left,1,0.5113,,0,11,11,6,1,,
,,funda,001,26,2026-05-07_12h54.33.059,stroop_group,2026.1.3,Win32,120.4819277,,,,,,,,,,,,EN,blue,red,left,0,130.5514,133.9378,left,1,2.8673,,1,0,12,5,1,,
,,funda,001,26,2026-05-07_12h54.33.059,stroop_group,2026.1.3,Win32,120.4819277,,,,,,,,,,,,EN,red,green,down,0,133.9395,135.5374,down,1,1.0841,,1,1,13,1,1,,
,,funda,001,26,2026-05-07_12h54.33.059,stroop_group,2026.1.3,Win32,120.4819277,,,,,,,,,,,,EN,green,blue,right,0,135.5387,137.3031,right,1,1.2492,,1,2,14,3,1,,
,,funda,001,26,2026-05-07_12h54.33.059,stroop_group,2026.1.3,Win32,120.4819277,,,,,,,,,,,,TR,kırmızı,green,down,0,137.3045,138.4959,down,1,0.6756,,1,3,15,7,1,,
,,funda,001,26,2026-05-07_12h54.33.059,stroop_group,2026.1.3,Win32,120.4819277,,,,,,,,,,,,TR,yeşil,green,down,1,138.4972,139.5451,down,1,0.5342,,1,4,16,8,1,,
,,funda,001,26,2026-05-07_12h54.33.059,stroop_group,2026.1.3,Win32,120.4819277,,,,,,,,,,,,TR,mavi,blue,right,1,139.5462,140.5047,right,1,0.4426,,1,5,17,10,1,,
,,funda,001,26,2026-05-07_12h54.33.059,stroop_group,2026.1.3,Win32,120.4819277,,,,,,,,,,,,TR,yeşil,blue,right,0,140.5061,141.5792,right,1,0.5588,,1,6,18,9,1,,
,,funda,001,26,2026-05-07_12h54.33.059,stroop_group,2026.1.3,Win32,120.4819277,,,,,,,,,,,,TR,kırmızı,red,left,1,141.5807,142.4577,left,1,0.3595,,1,7,19,6,1,,
,,funda,001,26,2026-05-07_12h54.33.059,stroop_group,2026.1.3,Win32,120.4819277,,,,,,,,,,,,EN,red,red,left,1,142.4589,143.4602,left,1,0.4823,,1,8,20,0,1,,
,,funda,001,26,2026-05-07_12h54.33.059,stroop_group,2026.1.3,Win32,120.4819277,,,,,,,,,,,,EN,green,green,down,1,143.4614,144.8,down,1,0.8189,,1,9,21,2,1,,
,,funda,001,26,2026-05-07_12h54.33.059,stroop_group,2026.1.3,Win32,120.4819277,,,,,,,,,,,,EN,blue,blue,right,1,144.8016,145.788,right,1,0.4674,,1,10,22,4,1,,
,,funda,001,26,2026-05-07_12h54.33.059,stroop_group,2026.1.3,Win32,120.4819277,,,,,,,,,,,,TR,mavi,red,left,0,145.7896,146.7829,left,1,0.4757,,1,11,23,11,1,,
,,funda,001,26,2026-05-07_12h54.33.059,stroop_group,2026.1.3,Win32,120.4819277,,,,,,,,,,,,TR,yeşil,blue,right,0,146.7839,148.3409,down,0,1.0464,,2,0,24,9,1,,
,,funda,001,26,2026-05-07_12h54.33.059,stroop_group,2026.1.3,Win32,120.4819277,,,,,,,,,,,,EN,blue,blue,right,1,148.3419,150.2163,right,1,1.3623,,2,1,25,4,1,,
,,funda,001,26,2026-05-07_12h54.33.059,stroop_group,2026.1.3,Win32,120.4819277,,,,,,,,,,,,EN,red,red,left,1,150.2179,151.4338,left,1,0.7016,,2,2,26,0,1,,
,,funda,001,26,2026-05-07_12h54.33.059,stroop_group,2026.1.3,Win32,120.4819277,,,,,,,,,,,,EN,green,green,down,1,151.4356,153.0116,down,1,1.0583,,2,3,27,2,1,,
,,funda,001,26,2026-05-07_12h54.33.059,stroop_group,2026.1.3,Win32,120.4819277,,,,,,,,,,,,EN,green,blue,right,0,153.0123,154.1699,right,1,0.642,,2,4,28,3,1,,
,,funda,001,26,2026-05-07_12h54.33.059,stroop_group,2026.1.3,Win32,120.4819277,,,,,,,,,,,,TR,mavi,red,left,0,154.1708,155.6581,left,1,0.9684,,2,5,29,11,1,,
,,funda,001,26,2026-05-07_12h54.33.059,stroop_group,2026.1.3,Win32,120.4819277,,,,,,,,,,,,TR,yeşil,green,down,1,155.6597,156.8244,down,1,0.6449,,2,6,30,8,1,,
,,funda,001,26,2026-05-07_12h54.33.059,stroop_group,2026.1.3,Win32,120.4819277,,,,,,,,,,,,TR,kırmızı,green,down,0,156.8258,157.8449,down,1,0.4998,,2,7,31,7,1,,
,,funda,001,26,2026-05-07_12h54.33.059,stroop_group,2026.1.3,Win32,120.4819277,,,,,,,,,,,,EN,blue,red,left,0,157.8463,158.8499,left,1,0.4868,,2,8,32,5,1,,
,,funda,001,26,2026-05-07_12h54.33.059,stroop_group,2026.1.3,Win32,120.4819277,,,,,,,,,,,,TR,mavi,blue,right,1,158.8512,159.9084,right,1,0.5355,,2,9,33,10,1,,
,,funda,001,26,2026-05-07_12h54.33.059,stroop_group,2026.1.3,Win32,120.4819277,,,,,,,,,,,,EN,red,green,down,0,159.9102,160.9749,down,1,0.5446,,2,10,34,1,1,,
,,funda,001,26,2026-05-07_12h54.33.059,stroop_group,2026.1.3,Win32,120.4819277,,,,,,,,,,,,TR,kırmızı,red,left,1,160.9768,161.887,left,1,0.3919,,2,11,35,6,1,,
,,funda,001,26,2026-05-07_12h54.33.059,stroop_group,2026.1.3,Win32,120.4819277,,,,,,,,,,,,EN,blue,red,left,0,161.8883,163.0872,left,1,0.6841,,3,0,36,5,1,,
,,funda,001,26,2026-05-07_12h54.33.059,stroop_group,2026.1.3,Win32,120.4819277,,,,,,,,,,,,EN,green,green,down,1,163.0888,164.4768,down,1,0.8734,,3,1,37,2,1,,
,,funda,001,26,2026-05-07_12h54.33.059,stroop_group,2026.1.3,Win32,120.4819277,,,,,,,,,,,,TR,mavi,red,left,0,164.4783,165.5492,left,1,0.5533,,3,2,38,11,1,,
,,funda,001,26,2026-05-07_12h54.33.059,stroop_group,2026.1.3,Win32,120.4819277,,,,,,,,,,,,EN,red,red,left,1,165.5508,166.5573,left,1,0.4843,,3,3,39,0,1,,
,,funda,001,26,2026-05-07_12h54.33.059,stroop_group,2026.1.3,Win32,120.4819277,,,,,,,,,,,,EN,green,blue,right,0,166.5585,168.058,right,1,0.9765,,3,4,40,3,1,,
,,funda,001,26,2026-05-07_12h54.33.059,stroop_group,2026.1.3,Win32,120.4819277,,,,,,,,,,,,EN,blue,blue,right,1,168.0595,169.1497,right,1,0.578,,3,5,41,4,1,,
,,funda,001,26,2026-05-07_12h54.33.059,stroop_group,2026.1.3,Win32,120.4819277,,,,,,,,,,,,TR,mavi,blue,right,1,169.151,170.166,right,1,0.495,,3,6,42,10,1,,
,,funda,001,26,2026-05-07_12h54.33.059,stroop_group,2026.1.3,Win32,120.4819277,,,,,,,,,,,,EN,red,green,down,0,170.1675,171.216,down,1,0.5275,,3,7,43,1,1,,
,,funda,001,26,2026-05-07_12h54.33.059,stroop_group,2026.1.3,Win32,120.4819277,,,,,,,,,,,,TR,kırmızı,red,left,1,171.2171,172.2338,left,1,0.4972,,3,8,44,6,1,,
,,funda,001,26,2026-05-07_12h54.33.059,stroop_group,2026.1.3,Win32,120.4819277,,,,,,,,,,,,TR,yeşil,blue,right,0,172.235,173.5161,right,1,0.7602,,3,9,45,9,1,,
,,funda,001,26,2026-05-07_12h54.33.059,stroop_group,2026.1.3,Win32,120.4819277,,,,,,,,,,,,TR,kırmızı,green,down,0,173.5176,174.6003,down,1,0.5631,,3,10,46,7,1,,
,,funda,001,26,2026-05-07_12h54.33.059,stroop_group,2026.1.3,Win32,120.4819277,,,,,,,,,,,,TR,yeşil,green,down,1,174.6017,175.5536,down,1,0.4345,,3,11,47,8,1,,
,,funda,001,26,2026-05-07_12h54.33.059,stroop_group,2026.1.3,Win32,120.4819277,,,,,,,,,,,,EN,blue,blue,right,1,175.5551,176.6833,right,1,0.6134,,4,0,48,4,1,,
,,funda,001,26,2026-05-07_12h54.33.059,stroop_group,2026.1.3,Win32,120.4819277,,,,,,,,,,,,EN,green,blue,right,0,176.6842,178.037,right,1,0.8343,,4,1,49,3,1,,
,,funda,001,26,2026-05-07_12h54.33.059,stroop_group,2026.1.3,Win32,120.4819277,,,,,,,,,,,,TR,kırmızı,red,left,1,178.0386,179.0338,left,1,0.4803,,4,2,50,6,1,,
,,funda,001,26,2026-05-07_12h54.33.059,stroop_group,2026.1.3,Win32,120.4819277,,,,,,,,,,,,EN,red,green,down,0,179.0352,179.9243,down,1,0.37,,4,3,51,1,1,,
,,funda,001,26,2026-05-07_12h54.33.059,stroop_group,2026.1.3,Win32,120.4819277,,,,,,,,,,,,EN,red,red,left,1,179.9251,180.8821,left,1,0.4355,,4,4,52,0,1,,
,,funda,001,26,2026-05-07_12h54.33.059,stroop_group,2026.1.3,Win32,120.4819277,,,,,,,,,,,,EN,green,green,down,1,180.8843,182.3072,down,1,0.9039,,4,5,53,2,1,,
,,funda,001,26,2026-05-07_12h54.33.059,stroop_group,2026.1.3,Win32,120.4819277,,,,,,,,,,,,TR,kırmızı,green,down,0,182.309,183.311,down,1,0.4922,,4,6,54,7,1,,
,,funda,001,26,2026-05-07_12h54.33.059,stroop_group,2026.1.3,Win32,120.4819277,,,,,,,,,,,,EN,blue,red,left,0,183.3124,184.3499,left,1,0.5196,,4,7,55,5,1,,
,,funda,001,26,2026-05-07_12h54.33.059,stroop_group,2026.1.3,Win32,120.4819277,,,,,,,,,,,,TR,mavi,blue,right,1,184.3519,185.466,right,1,0.5935,,4,8,56,10,1,,
,,funda,001,26,2026-05-07_12h54.33.059,stroop_group,2026.1.3,Win32,120.4819277,,,,,,,,,,,,TR,mavi,red,left,0,185.4665,186.9325,left,1,0.9535,,4,9,57,11,1,,
,,funda,001,26,2026-05-07_12h54.33.059,stroop_group,2026.1.3,Win32,120.4819277,,,,,,,,,,,,TR,yeşil,green,down,1,186.9342,188.0283,down,1,0.5752,,4,10,58,8,1,,
,,funda,001,26,2026-05-07_12h54.33.059,stroop_group,2026.1.3,Win32,120.4819277,,,,,,,,,,,,TR,yeşil,blue,right,0,188.0291,189.0105,right,1,0.4656,,4,11,59,9,1,,
,,funda,001,26,2026-05-07_12h54.33.059,stroop_group,2026.1.3,Win32,120.4819277,,,,,,,,,,,,,,,,,,,,,,,,,,,,189.0108,191.0077
