language,word,letterColor,corrAns,congruent,thisN,thisTrialN,thisRepN,resp.keys,resp.corr,resp.rt,resp.duration,resp_min.keys,resp_min.corr,resp_min.rt,resp_min.duration,trials_nomax.thisRepN,trials_nomax.thisTrialN,trials_nomax.thisN,trials_nomax.thisIndex,trials_min.thisRepN,trials_min.thisTrialN,trials_min.thisN,trials_min.thisIndex,thisRow.t,notes,piloting,instructions.started,instrText.started,ready.started,instructions.stopped,trial.started,text.started,resp.started,trial.stopped,trials_nomax.resp.keys,trials_nomax.resp.corr,trials_nomax.resp.rt,trials_nomax.resp.duration,__trial_min.started,text_min.started,resp_min.started,text_min.stopped,__trial_min.stopped,trials_min.resp_min.keys,trials_min.resp_min.corr,trials_min.resp_min.rt,trials_min.resp_min.duration,thanks.started,thanksText.started,thanksText.stopped,thanks.stopped,participant,session,age (years),date,expName,expVersion,psychopyVersion,frameRate,expStart,
,,,,,,,,,,,,,,,,,,,,,,,,,,True,0.020707625022623688,0.025010291021317244,0.025010291021317244,4.242630000022473,,,,,,,,,,,,,,,,,,,,,,ogumus,001,26,2026-05-07_12h53.58.938,stroop_group,,2026.1.3,119.82415806218505,2026-05-07 12h53.59.001094 +0300,
EN,red,green,down,0,0,0,0,down,1,2.223075082991272,None,,,,,0,0,0,1,,,,,4.258520291012246,,,,,,,4.246990875020856,4.741617750027217,4.741617750027217,6.96762070801924,down,1,2.223075082991272,None,,,,,,,,,,,,,,ogumus,001,26,2026-05-07_12h53.58.938,stroop_group,,2026.1.3,119.82415806218505,2026-05-07 12h53.59.001094 +0300,
TR,mavi,blue,right,1,1,1,0,right,1,0.6480608749843668,None,,,,,0,1,1,10,,,,,6.991882333008107,,,,,,,6.9694472910196055,7.46660354101914,7.46660354101914,8.11747016600566,right,1,0.6480608749843668,None,,,,,,,,,,,,,,ogumus,001,26,2026-05-07_12h53.58.938,stroop_group,,2026.1.3,119.82415806218505,2026-05-07 12h53.59.001094 +0300,
TR,yeşil,blue,right,0,2,2,0,right,1,0.5932754990062676,None,,,,,0,2,2,9,,,,,8.124935541010927,,,,,,,8.119171583006391,8.608356625016313,8.608356625016313,9.209149875008734,right,1,0.5932754990062676,None,,,,,,,,,,,,,,ogumus,001,26,2026-05-07_12h53.58.938,stroop_group,,2026.1.3,119.82415806218505,2026-05-07 12h53.59.001094 +0300,
TR,kırmızı,green,down,0,3,3,0,down,1,1.00239291600883,None,,,,,0,3,3,7,,,,,9.216546291019768,,,,,,,9.210863750020508,9.708219125022879,9.708219125022879,10.71747608302394,down,1,1.00239291600883,None,,,,,,,,,,,,,,ogumus,001,26,2026-05-07_12h53.58.938,stroop_group,,2026.1.3,119.82415806218505,2026-05-07 12h53.59.001094 +0300,
EN,green,green,down,1,4,4,0,down,1,0.7103901249938644,None,,,,,0,4,4,2,,,,,10.724948083021445,,,,,,,10.718342750013107,11.20819158302038,11.20819158302038,11.92579466602183,down,1,0.7103901249938644,None,,,,,,,,,,,,,,ogumus,001,26,2026-05-07_12h53.58.938,stroop_group,,2026.1.3,119.82415806218505,2026-05-07 12h53.59.001094 +0300,
TR,yeşil,green,down,1,5,5,0,down,1,1.3956998329958878,None,,,,,0,5,5,8,,,,,11.93318000002182,,,,,,,11.926596416014945,12.416616083006375,12.416616083006375,13.817463416024111,down,1,1.3956998329958878,None,,,,,,,,,,,,,,ogumus,001,26,2026-05-07_12h53.58.938,stroop_group,,2026.1.3,119.82415806218505,2026-05-07 12h53.59.001094 +0300,
EN,blue,red,left,0,6,6,0,left,1,1.7989887919975445,None,,,,,0,6,6,5,,,,,13.824862416018732,,,,,,,13.818844333000015,14.31653483302216,14.31653483302216,16.117460500012385,left,1,1.7989887919975445,None,,,,,,,,,,,,,,ogumus,001,26,2026-05-07_12h53.58.938,stroop_group,,2026.1.3,119.82415806218505,2026-05-07 12h53.59.001094 +0300,
EN,red,red,left,1,7,7,0,left,1,0.43920220801373944,None,,,,,0,7,7,0,,,,,16.124923875002423,,,,,,,16.118195291026495,16.608241416019155,16.608241416019155,17.050672916026087,left,1,0.43920220801373944,None,,,,,,,,,,,,,,ogumus,001,26,2026-05-07_12h53.58.938,stroop_group,,2026.1.3,119.82415806218505,2026-05-07 12h53.59.001094 +0300,
TR,mavi,red,left,0,8,8,0,left,1,0.4349351240089163,None,,,,,0,8,8,11,,,,,17.058221541024977,,,,,,,17.051475208019838,17.541515708027873,17.541515708027873,17.984070958016673,left,1,0.4349351240089163,None,,,,,,,,,,,,,,ogumus,001,26,2026-05-07_12h53.58.938,stroop_group,,2026.1.3,119.82415806218505,2026-05-07 12h53.59.001094 +0300,
EN,blue,blue,right,1,9,9,0,right,1,0.9734835000126623,None,,,,,0,9,9,4,,,,,17.9915149580047,,,,,,,17.984803458006354,18.47488845800399,18.47488845800399,19.450714250007877,right,1,0.9734835000126623,None,,,,,,,,,,,,,,ogumus,001,26,2026-05-07_12h53.58.938,stroop_group,,2026.1.3,119.82415806218505,2026-05-07 12h53.59.001094 +0300,
TR,kırmızı,red,left,1,10,10,0,left,1,0.6789725419948809,None,,,,,0,10,10,6,,,,,19.45818108302774,,,,,,,19.451560375018744,19.941516833001515,19.941516833001515,20.625435208028648,left,1,0.6789725419948809,None,,,,,,,,,,,,,,ogumus,001,26,2026-05-07_12h53.58.938,stroop_group,,2026.1.3,119.82415806218505,2026-05-07 12h53.59.001094 +0300,
EN,green,blue,right,0,11,11,0,right,1,1.727951998997014,None,,,,,0,11,11,3,,,,,20.632731125020655,,,,,,,20.626290625019465,21.116352083015954,21.116352083015954,22.850632333022077,right,1,1.727951998997014,None,,,,,,,,,,,,,,ogumus,001,26,2026-05-07_12h53.58.938,stroop_group,,2026.1.3,119.82415806218505,2026-05-07 12h53.59.001094 +0300,
TR,kırmızı,red,left,1,12,0,1,left,1,1.009891833004076,None,,,,,1,0,12,6,,,,,22.85820329101989,,,,,,,22.851507416024106,23.341414500027895,23.341414500027895,24.359049250022508,left,1,1.009891833004076,None,,,,,,,,,,,,,,ogumus,001,26,2026-05-07_12h53.58.938,stroop_group,,2026.1.3,119.82415806218505,2026-05-07 12h53.59.001094 +0300,
TR,mavi,red,left,0,13,1,1,left,1,0.7594510409981012,None,,,,,1,1,13,11,,,,,24.366499875002773,,,,,,,24.359844583028462,24.849809583014576,24.849809583014576,25.61732737501734,left,1,0.7594510409981012,None,,,,,,,,,,,,,,ogumus,001,26,2026-05-07_12h53.58.938,stroop_group,,2026.1.3,119.82415806218505,2026-05-07 12h53.59.001094 +0300,
EN,red,red,left,1,14,2,1,left,1,0.4730559170129709,None,,,,,1,2,14,0,,,,,25.624843833007617,,,,,,,25.6180250000034,26.10815983300563,26.10815983300563,26.5839807500015,left,1,0.4730559170129709,None,,,,,,,,,,,,,,ogumus,001,26,2026-05-07_12h53.58.938,stroop_group,,2026.1.3,119.82415806218505,2026-05-07 12h53.59.001094 +0300,
TR,yeşil,green,down,1,15,3,1,down,1,0.8024313740024809,None,,,,,1,3,15,8,,,,,26.591478125017602,,,,,,,26.584874750027666,27.07473254101933,27.07473254101933,27.8839890830277,down,1,0.8024313740024809,None,,,,,,,,,,,,,,ogumus,001,26,2026-05-07_12h53.58.938,stroop_group,,2026.1.3,119.82415806218505,2026-05-07 12h53.59.001094 +0300,
EN,green,green,down,1,16,4,1,down,1,0.3259724579984322,None,,,,,1,4,16,2,,,,,27.89141541600111,,,,,,,27.884760041022673,28.383184750011424,28.383184750011424,28.717300041025737,down,1,0.3259724579984322,None,,,,,,,,,,,,,,ogumus,001,26,2026-05-07_12h53.58.938,stroop_group,,2026.1.3,119.82415806218505,2026-05-07 12h53.59.001094 +0300,
TR,mavi,blue,right,1,17,5,1,right,1,0.7149704580078833,None,,,,,1,5,17,10,,,,,28.724749166023685,,,,,,,28.71804891602369,29.208174375002272,29.208174375002272,29.925683458015556,right,1,0.7149704580078833,None,,,,,,,,,,,,,,ogumus,001,26,2026-05-07_12h53.58.938,stroop_group,,2026.1.3,119.82415806218505,2026-05-07 12h53.59.001094 +0300,
EN,green,blue,right,0,18,6,1,right,1,0.5347282919974532,None,,,,,1,6,18,3,,,,,29.933041333017172,,,,,,,29.92640341600054,30.416382708004676,30.416382708004676,30.958968083024956,right,1,0.5347282919974532,None,,,,,,,,,,,,,,ogumus,001,26,2026-05-07_12h53.58.938,stroop_group,,2026.1.3,119.82415806218505,2026-05-07 12h53.59.001094 +0300,
EN,blue,red,left,0,19,7,1,left,1,1.4243141250044573,None,,,,,1,7,19,5,,,,,30.96648312502657,,,,,,,30.959880625014193,31.449818916007644,31.449818916007644,32.875553750025574,left,1,1.4243141250044573,None,,,,,,,,,,,,,,ogumus,001,26,2026-05-07_12h53.58.938,stroop_group,,2026.1.3,119.82415806218505,2026-05-07 12h53.59.001094 +0300,
EN,red,green,down,0,20,8,1,down,1,0.7813005830103066,None,,,,,1,8,20,1,,,,,32.88303600001382,,,,,,,32.876237833028426,33.374726125010056,33.374726125010056,34.15894166601356,down,1,0.7813005830103066,None,,,,,,,,,,,,,,ogumus,001,26,2026-05-07_12h53.58.938,stroop_group,,2026.1.3,119.82415806218505,2026-05-07 12h53.59.001094 +0300,
TR,kırmızı,green,down,0,21,9,1,down,1,1.03326370799914,None,,,,,1,9,21,7,,,,,34.16642129101092,,,,,,,34.1597134580079,34.649734125006944,34.649734125006944,35.68390595802339,down,1,1.03326370799914,None,,,,,,,,,,,,,,ogumus,001,26,2026-05-07_12h53.58.938,stroop_group,,2026.1.3,119.82415806218505,2026-05-07 12h53.59.001094 +0300,
TR,yeşil,blue,right,0,22,10,1,right,1,0.7001571249857079,None,,,,,1,10,22,9,,,,,35.69147004102706,,,,,,,35.68471870801295,36.174782791000325,36.174782791000325,36.875820291024866,right,1,0.7001571249857079,None,,,,,,,,,,,,,,ogumus,001,26,2026-05-07_12h53.58.938,stroop_group,,2026.1.3,119.82415806218505,2026-05-07 12h53.59.001094 +0300,
EN,blue,blue,right,1,23,11,1,right,1,0.3232092910038773,None,,,,,1,11,23,4,,,,,36.8830147080007,,,,,,,36.87666854102281,37.374726625013864,37.374726625013864,37.70057958300458,right,1,0.3232092910038773,None,,,,,,,,,,,,,,ogumus,001,26,2026-05-07_12h53.58.938,stroop_group,,2026.1.3,119.82415806218505,2026-05-07 12h53.59.001094 +0300,
EN,red,green,down,0,24,0,2,down,1,2.210134790977463,None,,,,,2,0,24,1,,,,,37.70806279100361,,,,,,,37.701274958002614,38.191400333016645,38.191400333016645,40.409040666010696,down,1,2.210134790977463,None,,,,,,,,,,,,,,ogumus,001,26,2026-05-07_12h53.58.938,stroop_group,,2026.1.3,119.82415806218505,2026-05-07 12h53.59.001094 +0300,
EN,blue,red,left,0,25,1,2,left,1,0.798821248987224,None,,,,,2,1,25,5,,,,,40.41631137501099,,,,,,,40.4097985830158,40.90804270800436,40.90804270800436,41.708681375021115,left,1,0.798821248987224,None,,,,,,,,,,,,,,ogumus,001,26,2026-05-07_12h53.58.938,stroop_group,,2026.1.3,119.82415806218505,2026-05-07 12h53.59.001094 +0300,
EN,red,red,left,1,26,2,2,left,1,0.5393774159892928,None,,,,,2,2,26,0,,,,,41.71643541601952,,,,,,,41.70936145802261,42.19944424999994,42.19944424999994,42.74228225002298,left,1,0.5393774159892928,None,,,,,,,,,,,,,,ogumus,001,26,2026-05-07_12h53.58.938,stroop_group,,2026.1.3,119.82415806218505,2026-05-07 12h53.59.001094 +0300,
TR,mavi,blue,right,1,27,3,2,right,1,2.6078367500158492,None,,,,,2,3,27,10,,,,,42.749646291020326,,,,,,,42.743057708023116,43.2329762080044,43.2329762080044,45.84218416601652,right,1,2.6078367500158492,None,,,,,,,,,,,,,,ogumus,001,26,2026-05-07_12h53.58.938,stroop_group,,2026.1.3,119.82415806218505,2026-05-07 12h53.59.001094 +0300,
EN,blue,blue,right,1,28,4,2,right,1,0.4908084580092691,None,,,,,2,4,28,4,,,,,45.849732750008116,,,,,,,45.84288504102733,46.332986125024036,46.332986125024036,46.82551633301773,right,1,0.4908084580092691,None,,,,,,,,,,,,,,ogumus,001,26,2026-05-07_12h53.58.938,stroop_group,,2026.1.3,119.82415806218505,2026-05-07 12h53.59.001094 +0300,
EN,green,green,down,1,29,5,2,down,1,0.6160718750033993,None,,,,,2,5,29,2,,,,,46.83304545801366,,,,,,,46.82628800001112,47.32467870801338,47.32467870801338,47.94204025002546,down,1,0.6160718750033993,None,,,,,,,,,,,,,,ogumus,001,26,2026-05-07_12h53.58.938,stroop_group,,2026.1.3,119.82415806218505,2026-05-07 12h53.59.001094 +0300,
TR,yeşil,blue,right,0,30,6,2,right,1,1.1186296659871005,None,,,,,2,6,30,9,,,,,47.94967391600949,,,,,,,47.94288920800318,48.43301395801245,48.43301395801245,49.55889762501465,right,1,1.1186296659871005,None,,,,,,,,,,,,,,ogumus,001,26,2026-05-07_12h53.58.938,stroop_group,,2026.1.3,119.82415806218505,2026-05-07 12h53.59.001094 +0300,
TR,kırmızı,red,left,1,31,7,2,left,1,0.7220221250026952,None,,,,,2,7,31,6,,,,,49.56628850000561,,,,,,,49.55969883300713,50.049606458022026,50.049606458022026,50.77533675002633,left,1,0.7220221250026952,None,,,,,,,,,,,,,,ogumus,001,26,2026-05-07_12h53.58.938,stroop_group,,2026.1.3,119.82415806218505,2026-05-07 12h53.59.001094 +0300,
TR,yeşil,green,down,1,32,8,2,down,1,0.6572895409772173,None,,,,,2,8,32,8,,,,,50.78297750002821,,,,,,,50.776125791016966,51.26629366600537,51.26629366600537,51.92551695802831,down,1,0.6572895409772173,None,,,,,,,,,,,,,,ogumus,001,26,2026-05-07_12h53.58.938,stroop_group,,2026.1.3,119.82415806218505,2026-05-07 12h53.59.001094 +0300,
TR,kırmızı,green,down,0,33,9,2,down,1,0.7102557909965981,None,,,,,2,9,33,7,,,,,51.933001583005534,,,,,,,51.92629362500156,52.41629662501509,52.41629662501509,53.133886708004866,down,1,0.7102557909965981,None,,,,,,,,,,,,,,ogumus,001,26,2026-05-07_12h53.58.938,stroop_group,,2026.1.3,119.82415806218505,2026-05-07 12h53.59.001094 +0300,
TR,mavi,red,left,0,34,10,2,left,1,1.0779580000089481,None,,,,,2,10,34,11,,,,,53.14132237501326,,,,,,,53.13457708302303,53.62454937500297,53.62454937500297,54.70885933301179,left,1,1.0779580000089481,None,,,,,,,,,,,,,,ogumus,001,26,2026-05-07_12h53.58.938,stroop_group,,2026.1.3,119.82415806218505,2026-05-07 12h53.59.001094 +0300,
EN,green,blue,right,0,35,11,2,right,1,1.1528614579874557,None,,,,,2,11,35,3,,,,,54.71627804101445,,,,,,,54.709627083007945,55.1996148750186,55.1996148750186,56.35882962500909,right,1,1.1528614579874557,None,,,,,,,,,,,,,,ogumus,001,26,2026-05-07_12h53.58.938,stroop_group,,2026.1.3,119.82415806218505,2026-05-07 12h53.59.001094 +0300,
EN,red,red,left,1,36,0,3,left,1,0.8409519160049967,None,,,,,3,0,36,0,,,,,56.36627879101434,,,,,,,56.35953558300389,56.84959575001267,56.84959575001267,57.69207370802178,left,1,0.8409519160049967,None,,,,,,,,,,,,,,ogumus,001,26,2026-05-07_12h53.58.938,stroop_group,,2026.1.3,119.82415806218505,2026-05-07 12h53.59.001094 +0300,
EN,red,green,down,0,37,1,3,down,1,0.7996080830052961,None,,,,,3,1,37,1,,,,,57.69957354100188,,,,,,,57.69220191601198,58.182875583006535,58.182875583006535,58.98370287500438,down,1,0.7996080830052961,None,,,,,,,,,,,,,,ogumus,001,26,2026-05-07_12h53.58.938,stroop_group,,2026.1.3,119.82415806218505,2026-05-07 12h53.59.001094 +0300,
EN,green,blue,right,0,38,2,3,right,1,1.5928008330229204,None,,,,,3,2,38,3,,,,,58.99121304100845,,,,,,,58.984667375014396,59.47454487500363,59.47454487500363,61.075544958002865,right,1,1.5928008330229204,None,,,,,,,,,,,,,,ogumus,001,26,2026-05-07_12h53.58.938,stroop_group,,2026.1.3,119.82415806218505,2026-05-07 12h53.59.001094 +0300,
TR,yeşil,blue,right,0,39,3,3,right,1,0.48312504100613296,None,,,,,3,3,39,9,,,,,61.08285975002218,,,,,,,61.07635200000368,61.56618420800078,61.56618420800078,62.05015454100794,right,1,0.48312504100613296,None,,,,,,,,,,,,,,ogumus,001,26,2026-05-07_12h53.58.938,stroop_group,,2026.1.3,119.82415806218505,2026-05-07 12h53.59.001094 +0300,
TR,mavi,blue,right,1,40,4,3,right,1,0.4389374169986695,None,,,,,3,4,40,10,,,,,62.05788533302257,,,,,,,62.05086245801067,62.54934612501529,62.54934612501529,62.991900541004725,right,1,0.4389374169986695,None,,,,,,,,,,,,,,ogumus,001,26,2026-05-07_12h53.58.938,stroop_group,,2026.1.3,119.82415806218505,2026-05-07 12h53.59.001094 +0300,
TR,mavi,red,left,0,41,5,3,left,1,1.1234089999925345,None,,,,,3,5,41,11,,,,,62.999545541009866,,,,,,,62.99203262501396,63.48286683301558,63.48286683301558,64.60879816600936,left,1,1.1234089999925345,None,,,,,,,,,,,,,,ogumus,001,26,2026-05-07_12h53.58.938,stroop_group,,2026.1.3,119.82415806218505,2026-05-07 12h53.59.001094 +0300,
EN,green,green,down,1,42,6,3,down,1,0.5516280420124531,None,,,,,3,6,42,2,,,,,64.61617408302845,,,,,,,64.60955850000028,65.09961112501333,65.09961112501333,65.65879141600453,down,1,0.5516280420124531,None,,,,,,,,,,,,,,ogumus,001,26,2026-05-07_12h53.58.938,stroop_group,,2026.1.3,119.82415806218505,2026-05-07 12h53.59.001094 +0300,
TR,kırmızı,red,left,1,43,7,3,left,1,0.9226802079938352,None,,,,,3,7,43,6,,,,,65.666226500005,,,,,,,65.65963625002769,66.14953029100434,66.14953029100434,67.07548941601999,left,1,0.9226802079938352,None,,,,,,,,,,,,,,ogumus,001,26,2026-05-07_12h53.58.938,stroop_group,,2026.1.3,119.82415806218505,2026-05-07 12h53.59.001094 +0300,
EN,blue,red,left,0,44,8,3,left,1,1.0019007079827134,None,,,,,3,8,44,5,,,,,67.08283712502453,,,,,,,67.0762751250004,67.57424791602534,67.57424791602534,68.58349470800022,left,1,1.0019007079827134,None,,,,,,,,,,,,,,ogumus,001,26,2026-05-07_12h53.58.938,stroop_group,,2026.1.3,119.82415806218505,2026-05-07 12h53.59.001094 +0300,
TR,yeşil,green,down,1,45,9,3,down,1,0.7265910409914795,None,,,,,3,9,45,8,,,,,68.59104200001457,,,,,,,68.58437216602033,69.074533875013,69.074533875013,69.80873312501353,down,1,0.7265910409914795,None,,,,,,,,,,,,,,ogumus,001,26,2026-05-07_12h53.58.938,stroop_group,,2026.1.3,119.82415806218505,2026-05-07 12h53.59.001094 +0300,
TR,kırmızı,green,down,0,46,10,3,down,1,0.6435970409947913,None,,,,,3,10,46,7,,,,,69.81621587500558,,,,,,,69.80952120802249,70.29950775002362,70.29950775002362,70.95033062502625,down,1,0.6435970409947913,None,,,,,,,,,,,,,,ogumus,001,26,2026-05-07_12h53.58.938,stroop_group,,2026.1.3,119.82415806218505,2026-05-07 12h53.59.001094 +0300,
EN,blue,blue,right,1,47,11,3,right,1,0.6799257910170127,None,,,,,3,11,47,4,,,,,70.9578279160196,,,,,,,70.9510415000259,71.44115329100168,71.44115329100168,72.12471554102376,right,1,0.6799257910170127,None,,,,,,,,,,,,,,ogumus,001,26,2026-05-07_12h53.58.938,stroop_group,,2026.1.3,119.82415806218505,2026-05-07 12h53.59.001094 +0300,
EN,blue,blue,right,1,48,0,4,right,1,0.510951833013678,None,,,,,4,0,48,4,,,,,72.13246370802517,,,,,,,72.124840125005,72.6160897500231,72.6160897500231,73.13373966602376,right,1,0.510951833013678,None,,,,,,,,,,,,,,ogumus,001,26,2026-05-07_12h53.58.938,stroop_group,,2026.1.3,119.82415806218505,2026-05-07 12h53.59.001094 +0300,
TR,yeşil,blue,right,0,49,1,4,right,1,0.4135464990104083,None,,,,,4,1,49,9,,,,,73.14120979100699,,,,,,,73.13451758300653,73.6244754580257,73.6244754580257,74.04204858301091,right,1,0.4135464990104083,None,,,,,,,,,,,,,,ogumus,001,26,2026-05-07_12h53.58.938,stroop_group,,2026.1.3,119.82415806218505,2026-05-07 12h53.59.001094 +0300,
TR,kırmızı,green,down,0,50,2,4,down,1,0.6212192079983652,None,,,,,4,2,50,7,,,,,74.04932325001573,,,,,,,74.04282879101811,74.53276695800014,74.53276695800014,75.15903825001442,down,1,0.6212192079983652,None,,,,,,,,,,,,,,ogumus,001,26,2026-05-07_12h53.58.938,stroop_group,,2026.1.3,119.82415806218505,2026-05-07 12h53.59.001094 +0300,
EN,blue,red,left,0,51,3,4,left,1,0.5611585410078987,None,,,,,4,3,51,5,,,,,75.16610504101845,,,,,,,75.15988212500815,75.65778550002142,75.65778550002142,76.22547412500717,left,1,0.5611585410078987,None,,,,,,,,,,,,,,ogumus,001,26,2026-05-07_12h53.58.938,stroop_group,,2026.1.3,119.82415806218505,2026-05-07 12h53.59.001094 +0300,
EN,green,green,down,1,52,4,4,down,1,0.7693981249758508,None,,,,,4,4,52,2,,,,,76.23283429100411,,,,,,,76.22625266600517,76.72453062501154,76.72453062501154,77.50027612500708,down,1,0.7693981249758508,None,,,,,,,,,,,,,,ogumus,001,26,2026-05-07_12h53.58.938,stroop_group,,2026.1.3,119.82415806218505,2026-05-07 12h53.59.001094 +0300,
TR,kırmızı,red,left,1,53,5,4,left,1,1.6140786659962032,None,,,,,4,5,53,6,,,,,77.50777395800105,,,,,,,77.5010992080206,77.9908090000099,77.9908090000099,79.60867833302473,left,1,1.6140786659962032,None,,,,,,,,,,,,,,ogumus,001,26,2026-05-07_12h53.58.938,stroop_group,,2026.1.3,119.82415806218505,2026-05-07 12h53.59.001094 +0300,
TR,yeşil,green,down,1,54,6,4,down,1,0.8334003329800908,None,,,,,4,6,54,8,,,,,79.61609366600169,,,,,,,79.60953887502546,80.10749104100978,80.10749104100978,80.94194466600311,down,1,0.8334003329800908,None,,,,,,,,,,,,,,ogumus,001,26,2026-05-07_12h53.58.938,stroop_group,,2026.1.3,119.82415806218505,2026-05-07 12h53.59.001094 +0300,
EN,red,red,left,1,55,7,4,left,1,1.151071458007209,None,,,,,4,7,55,0,,,,,80.94941749999998,,,,,,,80.94261491601355,81.43272762501147,81.43272762501147,82.59197858301923,left,1,1.151071458007209,None,,,,,,,,,,,,,,ogumus,001,26,2026-05-07_12h53.58.938,stroop_group,,2026.1.3,119.82415806218505,2026-05-07 12h53.59.001094 +0300,
TR,mavi,blue,right,1,56,8,4,right,1,0.716672375012422,None,,,,,4,8,56,10,,,,,82.59941987501225,,,,,,,82.59277883300092,83.09109308302868,83.09109308302868,83.80866641600733,right,1,0.716672375012422,None,,,,,,,,,,,,,,ogumus,001,26,2026-05-07_12h53.58.938,stroop_group,,2026.1.3,119.82415806218505,2026-05-07 12h53.59.001094 +0300,
TR,mavi,red,left,0,57,9,4,left,1,0.9373114170157351,None,,,,,4,9,57,11,,,,,83.81608950000373,,,,,,,83.80879100001766,84.29942654102342,84.29942654102342,85.24199675000273,left,1,0.9373114170157351,None,,,,,,,,,,,,,,ogumus,001,26,2026-05-07_12h53.58.938,stroop_group,,2026.1.3,119.82415806218505,2026-05-07 12h53.59.001094 +0300,
EN,red,green,down,0,58,10,4,down,1,0.7586463750049006,None,,,,,4,10,58,1,,,,,85.24940441601211,,,,,,,85.24267362500541,85.7410510830232,85.7410510830232,86.50006275001215,down,1,0.7586463750049006,None,,,,,,,,,,,,,,ogumus,001,26,2026-05-07_12h53.58.938,stroop_group,,2026.1.3,119.82415806218505,2026-05-07 12h53.59.001094 +0300,
EN,green,blue,right,0,59,11,4,right,1,0.9766537079995032,None,,,,,4,11,59,3,,,,,86.50737120801932,,,,,,,86.50081404100638,86.99100266600726,86.99100266600726,87.9753373330168,right,1,0.9766537079995032,None,,,,,,,,,,,,,,ogumus,001,26,2026-05-07_12h53.58.938,stroop_group,,2026.1.3,119.82415806218505,2026-05-07 12h53.59.001094 +0300,
TR,yeşil,blue,right,0,0,0,0,,,,,right,1,3.1462458750174847,None,,,,,0,0,0,9,87.98246245802147,,,,,,,,,,,,,,,87.98009087500395,88.47433475000435,88.47433475000435,88.71602683301899,91.62513083301019,right,1,3.1462458750174847,None,,,,,ogumus,001,26,2026-05-07_12h53.58.938,stroop_group,,2026.1.3,119.82415806218505,2026-05-07 12h53.59.001094 +0300,
TR,kırmızı,red,left,1,1,1,0,,,,,left,1,1.270570166001562,None,,,,,0,1,1,6,91.6326567500073,,,,,,,,,,,,,,,91.62596954102628,92.11596916601411,92.11596916601411,92.3576441250043,93.39195287501207,left,1,1.270570166001562,None,,,,,ogumus,001,26,2026-05-07_12h53.58.938,stroop_group,,2026.1.3,119.82415806218505,2026-05-07 12h53.59.001094 +0300,
TR,kırmızı,green,down,0,2,2,0,,,,,down,1,1.107588165992638,None,,,,,0,2,2,7,93.39930587500567,,,,,,,,,,,,,,,93.39209825001308,93.89094895802555,93.89094895802555,94.13261841601343,94.99981808301527,down,1,1.107588165992638,None,,,,,ogumus,001,26,2026-05-07_12h53.58.938,stroop_group,,2026.1.3,119.82415806218505,2026-05-07 12h53.59.001094 +0300,
TR,mavi,blue,right,1,3,3,0,,,,,right,1,1.1154039579851087,None,,,,,0,3,3,10,95.00756283302326,,,,,,,,,,,,,,,95.00062866602093,95.49102433302323,95.49102433302323,95.73268008301966,96.60821445801412,right,1,1.1154039579851087,None,,,,,ogumus,001,26,2026-05-07_12h53.58.938,stroop_group,,2026.1.3,119.82415806218505,2026-05-07 12h53.59.001094 +0300,
EN,red,green,down,0,4,4,0,,,,,down,1,1.2501248749904335,None,,,,,0,4,4,1,96.61590820801212,,,,,,,,,,,,,,,96.60890391599969,97.09925429100986,97.09925429100986,97.34079433302395,98.3500756250287,down,1,1.2501248749904335,None,,,,,ogumus,001,26,2026-05-07_12h53.58.938,stroop_group,,2026.1.3,119.82415806218505,2026-05-07 12h53.59.001094 +0300,
TR,mavi,red,left,0,5,5,0,,,,,left,1,0.6780397910042666,None,,,,,0,5,5,11,98.35761575002107,,,,,,,,,,,,,,,98.35082670801785,98.84930633302429,98.84930633302429,99.09093045801274,99.53353295801207,left,1,0.6780397910042666,None,,,,,ogumus,001,26,2026-05-07_12h53.58.938,stroop_group,,2026.1.3,119.82415806218505,2026-05-07 12h53.59.001094 +0300,
EN,blue,red,left,0,6,6,0,,,,,left,1,0.9132499580155127,None,,,,,0,6,6,5,99.54095412502647,,,,,,,,,,,,,,,99.53425445800531,100.02436408301583,100.02436408301583,100.26563370801159,100.94161866602371,left,1,0.9132499580155127,None,,,,,ogumus,001,26,2026-05-07_12h53.58.938,stroop_group,,2026.1.3,119.82415806218505,2026-05-07 12h53.59.001094 +0300,
TR,yeşil,green,down,1,7,7,0,,,,,down,1,0.5356700000120327,None,,,,,0,7,7,8,100.94927779102,,,,,,,,,,,,,,,100.94252275000326,101.43262112501543,101.43262112501543,101.6743435410026,101.97521579102613,down,1,0.5356700000120327,None,,,,,ogumus,001,26,2026-05-07_12h53.58.938,stroop_group,,2026.1.3,119.82415806218505,2026-05-07 12h53.59.001094 +0300,
EN,green,blue,right,0,8,8,0,,,,,right,1,0.47555920798913576,None,,,,,0,8,8,3,101.98259491601493,,,,,,,,,,,,,,,101.97599870801787,102.4657037910074,102.4657037910074,102.70767658302793,102.94189250000636,right,1,0.47555920798913576,None,,,,,ogumus,001,26,2026-05-07_12h53.58.938,stroop_group,,2026.1.3,119.82415806218505,2026-05-07 12h53.59.001094 +0300,
EN,blue,blue,right,1,9,9,0,,,,,right,1,0.5266766670101788,None,,,,,0,9,9,4,102.9493619580171,,,,,,,,,,,,,,,102.94255187502131,103.4325657080044,103.4325657080044,103.67395966601907,103.96652437502053,right,1,0.5266766670101788,None,,,,,ogumus,001,26,2026-05-07_12h53.58.938,stroop_group,,2026.1.3,119.82415806218505,2026-05-07 12h53.59.001094 +0300,
EN,red,red,left,1,10,10,0,,,,,left,1,0.6747069169941824,None,,,,,0,10,10,0,103.97381500000483,,,,,,,,,,,,,,,103.96720870802528,104.45760579101625,104.45760579101625,104.69900945801055,105.133368291019,left,1,0.6747069169941824,None,,,,,ogumus,001,26,2026-05-07_12h53.58.938,stroop_group,,2026.1.3,119.82415806218505,2026-05-07 12h53.59.001094 +0300,
EN,green,green,down,1,11,11,0,,,,,down,1,0.7228844160272274,None,,,,,0,11,11,2,105.14095454101334,,,,,,,,,,,,,,,105.13412195802084,105.62431787501555,105.62431787501555,105.86532279101084,106.35011662502075,down,1,0.7228844160272274,None,,,,,ogumus,001,26,2026-05-07_12h53.58.938,stroop_group,,2026.1.3,119.82415806218505,2026-05-07 12h53.59.001094 +0300,
EN,blue,red,left,0,12,0,1,,,,,left,1,0.48088808299507946,None,,,,,1,0,12,5,106.35756720800418,,,,,,,,,,,,,,,106.35092254102346,106.84929016602109,106.84929016602109,107.09094449999975,107.33349800002179,left,1,0.48088808299507946,None,,,,,ogumus,001,26,2026-05-07_12h53.58.938,stroop_group,,2026.1.3,119.82415806218505,2026-05-07 12h53.59.001094 +0300,
EN,green,green,down,1,13,1,1,,,,,down,1,1.3638359169999603,None,,,,,1,1,13,2,107.34085637502722,,,,,,,,,,,,,,,107.33427329102415,107.82428483301192,107.82428483301192,108.06564616601099,109.19169637502637,down,1,1.3638359169999603,None,,,,,ogumus,001,26,2026-05-07_12h53.58.938,stroop_group,,2026.1.3,119.82415806218505,2026-05-07 12h53.59.001094 +0300,
EN,red,green,down,0,14,2,1,,,,,down,1,0.6215170409996063,None,,,,,1,2,14,1,109.19927070802078,,,,,,,,,,,,,,,109.19244300000719,109.68256358301733,109.68256358301733,109.92421308302437,110.30832354101585,down,1,0.6215170409996063,None,,,,,ogumus,001,26,2026-05-07_12h53.58.938,stroop_group,,2026.1.3,119.82415806218505,2026-05-07 12h53.59.001094 +0300,
TR,mavi,red,left,0,15,3,1,,,,,right,0,0.9198156659840606,None,,,,,1,3,15,11,110.31586566602346,,,,,,,,,,,,,,,110.30912070799968,110.79922325001098,110.79922325001098,111.04086487501627,111.72480283302139,right,0,0.9198156659840606,None,,,,,ogumus,001,26,2026-05-07_12h53.58.938,stroop_group,,2026.1.3,119.82415806218505,2026-05-07 12h53.59.001094 +0300,
TR,yeşil,blue,right,0,16,4,1,,,,,right,1,1.1384154580009636,None,,,,,1,4,16,9,111.73229066602653,,,,,,,,,,,,,,,111.72568062500795,112.2156028750178,112.2156028750178,112.45758179100812,113.35840900000767,right,1,1.1384154580009636,None,,,,,ogumus,001,26,2026-05-07_12h53.58.938,stroop_group,,2026.1.3,119.82415806218505,2026-05-07 12h53.59.001094 +0300,
TR,mavi,blue,right,1,17,5,1,,,,,right,1,0.4428330829832703,None,,,,,1,5,17,10,113.36594025001978,,,,,,,,,,,,,,,113.35910795800737,113.8491835410241,113.8491835410241,114.09082483302336,114.30007091601146,right,1,0.4428330829832703,None,,,,,ogumus,001,26,2026-05-07_12h53.58.938,stroop_group,,2026.1.3,119.82415806218505,2026-05-07 12h53.59.001094 +0300,
TR,yeşil,green,down,1,18,6,1,,,,,down,1,0.5850232500233687,None,,,,,1,6,18,8,114.30759429102181,,,,,,,,,,,,,,,114.30087600002298,114.79093316601939,114.79093316601939,115.0324744580139,115.38344333300483,down,1,0.5850232500233687,None,,,,,ogumus,001,26,2026-05-07_12h53.58.938,stroop_group,,2026.1.3,119.82415806218505,2026-05-07 12h53.59.001094 +0300,
EN,green,blue,right,0,19,7,1,,,,,right,1,0.6487692079972476,None,,,,,1,7,19,3,115.3908228330256,,,,,,,,,,,,,,,115.38429929100676,115.87415708301705,115.87415708301705,116.11585850000847,116.52487562500755,right,1,0.6487692079972476,None,,,,,ogumus,001,26,2026-05-07_12h53.58.938,stroop_group,,2026.1.3,119.82415806218505,2026-05-07 12h53.59.001094 +0300,
EN,red,red,left,1,20,8,1,,,,,left,1,1.1811351239739452,None,,,,,1,8,20,0,116.53254216600908,,,,,,,,,,,,,,,116.52556379101588,117.01583970800857,117.01583970800857,117.2574959580088,118.1997655830055,left,1,1.1811351239739452,None,,,,,ogumus,001,26,2026-05-07_12h53.58.938,stroop_group,,2026.1.3,119.82415806218505,2026-05-07 12h53.59.001094 +0300,
TR,kırmızı,green,down,0,21,9,1,,,,,down,1,1.215729540999746,None,,,,,1,9,21,7,118.2074929580267,,,,,,,,,,,,,,,118.2005708750221,118.69087916600984,118.69087916600984,118.93248362501618,119.90847112500342,down,1,1.215729540999746,None,,,,,ogumus,001,26,2026-05-07_12h53.58.938,stroop_group,,2026.1.3,119.82415806218505,2026-05-07 12h53.59.001094 +0300,
EN,blue,blue,right,1,22,10,1,,,,,right,1,2.8775309160118923,None,,,,,1,10,22,4,119.91577350001899,,,,,,,,,,,,,,,119.90925433300436,120.39921500001219,120.39921500001219,120.64076658300473,123.28347129101167,right,1,2.8775309160118923,None,,,,,ogumus,001,26,2026-05-07_12h53.58.938,stroop_group,,2026.1.3,119.82415806218505,2026-05-07 12h53.59.001094 +0300,
TR,kırmızı,red,left,1,23,11,1,,,,,left,1,0.5339868739829399,None,,,,,1,11,23,6,123.29086295800516,,,,,,,,,,,,,,,123.2843410410278,123.78252987502492,123.78252987502492,124.0241654580168,124.3251266250154,left,1,0.5339868739829399,None,,,,,ogumus,001,26,2026-05-07_12h53.58.938,stroop_group,,2026.1.3,119.82415806218505,2026-05-07 12h53.59.001094 +0300,
TR,yeşil,blue,right,0,24,0,2,,,,,right,1,0.5395571659901179,None,,,,,2,0,24,9,124.33255704102339,,,,,,,,,,,,,,,124.32592845801264,124.82415237501846,124.82415237501846,125.06581100000767,125.36666654102737,right,1,0.5395571659901179,None,,,,,ogumus,001,26,2026-05-07_12h53.58.938,stroop_group,,2026.1.3,119.82415806218505,2026-05-07 12h53.59.001094 +0300,
EN,blue,blue,right,1,25,1,2,,,,,right,1,0.5295389579841867,None,,,,,2,1,25,4,125.37411850001081,,,,,,,,,,,,,,,125.36734225001419,125.85714237502543,125.85714237502543,126.09916620800504,126.391789041023,right,1,0.5295389579841867,None,,,,,ogumus,001,26,2026-05-07_12h53.58.938,stroop_group,,2026.1.3,119.82415806218505,2026-05-07 12h53.59.001094 +0300,
TR,mavi,blue,right,1,26,2,2,,,,,right,1,0.34223470799042843,None,,,,,2,2,26,10,126.39908633302548,,,,,,,,,,,,,,,126.39247654101928,126.88241012502112,126.88241012502112,127.1240624160273,127.22518000000855,right,1,0.34223470799042843,None,,,,,ogumus,001,26,2026-05-07_12h53.58.938,stroop_group,,2026.1.3,119.82415806218505,2026-05-07 12h53.59.001094 +0300,
TR,yeşil,green,down,1,27,3,2,,,,,down,1,0.741490041022189,None,,,,,2,3,27,8,127.23248091602,,,,,,,,,,,,,,,127.22602116601774,127.72412641602568,127.72412641602568,127.96549333300209,128.46671995799989,down,1,0.741490041022189,None,,,,,ogumus,001,26,2026-05-07_12h53.58.938,stroop_group,,2026.1.3,119.82415806218505,2026-05-07 12h53.59.001094 +0300,
EN,blue,red,left,0,28,4,2,,,,,left,1,0.5008166669867933,None,,,,,2,4,28,5,128.47415433300193,,,,,,,,,,,,,,,128.46751775001758,128.96577175002312,128.96577175002312,129.20748700000695,129.47492870801943,left,1,0.5008166669867933,None,,,,,ogumus,001,26,2026-05-07_12h53.58.938,stroop_group,,2026.1.3,119.82415806218505,2026-05-07 12h53.59.001094 +0300,
EN,green,blue,right,0,29,5,2,,,,,right,1,0.8778009160014335,None,,,,,2,5,29,3,129.48246654102695,,,,,,,,,,,,,,,129.47570729101426,129.96574687500834,129.96574687500834,130.20711679101805,130.8499840410077,right,1,0.8778009160014335,None,,,,,ogumus,001,26,2026-05-07_12h53.58.938,stroop_group,,2026.1.3,119.82415806218505,2026-05-07 12h53.59.001094 +0300,
EN,red,red,left,1,30,6,2,,,,,left,1,0.5078152909991331,None,,,,,2,6,30,0,130.85746241602465,,,,,,,,,,,,,,,130.85071470800904,131.34075716600637,131.34075716600637,131.58247004100122,131.84978745802073,left,1,0.5078152909991331,None,,,,,ogumus,001,26,2026-05-07_12h53.58.938,stroop_group,,2026.1.3,119.82415806218505,2026-05-07 12h53.59.001094 +0300,
EN,red,green,down,0,31,7,2,,,,,down,1,0.7467334580142051,None,,,,,2,7,31,1,131.8573795830016,,,,,,,,,,,,,,,131.84991708301823,132.34074279101333,132.34074279101333,132.58237804102828,133.0911738750001,down,1,0.7467334580142051,None,,,,,ogumus,001,26,2026-05-07_12h53.58.938,stroop_group,,2026.1.3,119.82415806218505,2026-05-07 12h53.59.001094 +0300,
TR,kırmızı,red,left,1,32,8,2,,,,,left,1,1.1570112920016982,None,,,,,2,8,32,6,133.0991010410071,,,,,,,,,,,,,,,133.0919908330252,133.5824327910086,133.5824327910086,133.82413175000693,134.74144041602267,left,1,1.1570112920016982,None,,,,,ogumus,001,26,2026-05-07_12h53.58.938,stroop_group,,2026.1.3,119.82415806218505,2026-05-07 12h53.59.001094 +0300,
TR,mavi,red,left,0,33,9,2,,,,,left,1,0.45697020800434984,None,,,,,2,9,33,11,134.74900829102262,,,,,,,,,,,,,,,134.74214312501135,135.2324436250201,135.2324436250201,135.47399862500606,135.69152758302516,left,1,0.45697020800434984,None,,,,,ogumus,001,26,2026-05-07_12h53.58.938,stroop_group,,2026.1.3,119.82415806218505,2026-05-07 12h53.59.001094 +0300,
EN,green,green,down,1,34,10,2,,,,,down,1,0.5241370000003371,None,,,,,2,10,34,2,135.69903754102415,,,,,,,,,,,,,,,135.69226350000827,136.1823804580199,136.1823804580199,136.42405945801875,136.70821300000534,down,1,0.5241370000003371,None,,,,,ogumus,001,26,2026-05-07_12h53.58.938,stroop_group,,2026.1.3,119.82415806218505,2026-05-07 12h53.59.001094 +0300,
TR,kırmızı,green,down,0,35,11,2,,,,,down,1,0.4813105829816777,None,,,,,2,11,35,7,136.71571108300122,,,,,,,,,,,,,,,136.70901937500457,137.19907816601335,137.19907816601335,137.4406606250268,137.68323937500827,down,1,0.4813105829816777,None,,,,,ogumus,001,26,2026-05-07_12h53.58.938,stroop_group,,2026.1.3,119.82415806218505,2026-05-07 12h53.59.001094 +0300,
EN,red,red,left,1,36,0,3,,,,,left,1,0.596950541017577,None,,,,,3,0,36,0,137.690735125012,,,,,,,,,,,,,,,137.6839410829998,138.18237395802862,138.18237395802862,138.4240422080038,138.7830674580182,left,1,0.596950541017577,None,,,,,ogumus,001,26,2026-05-07_12h53.58.938,stroop_group,,2026.1.3,119.82415806218505,2026-05-07 12h53.59.001094 +0300,
EN,blue,blue,right,1,37,1,3,,,,,right,1,2.666317624010844,None,,,,,3,1,37,4,138.79071270802524,,,,,,,,,,,,,,,138.78374520802754,139.27406737502315,139.27406737502315,139.51575300001423,141.94153820801876,right,1,2.666317624010844,None,,,,,ogumus,001,26,2026-05-07_12h53.58.938,stroop_group,,2026.1.3,119.82415806218505,2026-05-07 12h53.59.001094 +0300,
EN,blue,red,left,0,38,2,3,,,,,right,0,0.5188816250010859,None,,,,,3,2,38,5,141.94904579099966,,,,,,,,,,,,,,,141.9416683750169,142.43234108301112,142.43234108301112,142.67399975002627,142.958231000026,right,0,0.5188816250010859,None,,,,,ogumus,001,26,2026-05-07_12h53.58.938,stroop_group,,2026.1.3,119.82415806218505,2026-05-07 12h53.59.001094 +0300,
TR,mavi,blue,right,1,39,3,3,,,,,right,1,0.8051963330071885,None,,,,,3,3,39,10,142.96574595800485,,,,,,,,,,,,,,,142.95897087501362,143.44902329100296,143.44902329100296,143.6906589580176,144.2579542910098,right,1,0.8051963330071885,None,,,,,ogumus,001,26,2026-05-07_12h53.58.938,stroop_group,,2026.1.3,119.82415806218505,2026-05-07 12h53.59.001094 +0300,
TR,mavi,red,left,0,40,4,3,,,,,left,1,0.6471619579824619,None,,,,,3,4,40,11,144.26570512502803,,,,,,,,,,,,,,,144.25808670802508,144.749016708025,144.749016708025,144.9906012500287,145.3995792910282,left,1,0.6471619579824619,None,,,,,ogumus,001,26,2026-05-07_12h53.58.938,stroop_group,,2026.1.3,119.82415806218505,2026-05-07 12h53.59.001094 +0300,
EN,red,green,down,0,41,5,3,,,,,down,1,0.43144145800033584,None,,,,,3,5,41,1,145.40718795801513,,,,,,,,,,,,,,,145.4003362080257,145.89072266602307,145.89072266602307,146.13206912501482,146.32485583302332,down,1,0.43144145800033584,None,,,,,ogumus,001,26,2026-05-07_12h53.58.938,stroop_group,,2026.1.3,119.82415806218505,2026-05-07 12h53.59.001094 +0300,
EN,green,blue,right,0,42,6,3,,,,,right,1,0.6984026659920346,None,,,,,3,6,42,3,146.33236125000985,,,,,,,,,,,,,,,146.32562745801988,146.81571216601878,146.81571216601878,147.05738012501388,147.51648820802802,right,1,0.6984026659920346,None,,,,,ogumus,001,26,2026-05-07_12h53.58.938,stroop_group,,2026.1.3,119.82415806218505,2026-05-07 12h53.59.001094 +0300,
TR,yeşil,blue,right,0,43,7,3,,,,,right,1,0.4888137489906512,None,,,,,3,7,43,9,147.52395479101688,,,,,,,,,,,,,,,147.51732795801945,148.00727670802735,148.00727670802735,148.24894641601713,148.49952870802372,right,1,0.4888137489906512,None,,,,,ogumus,001,26,2026-05-07_12h53.58.938,stroop_group,,2026.1.3,119.82415806218505,2026-05-07 12h53.59.001094 +0300,
TR,kırmızı,red,left,1,44,8,3,,,,,left,1,1.16436049900949,None,,,,,3,8,44,6,148.50706554102362,,,,,,,,,,,,,,,148.50032441600342,148.9906875830202,148.9906875830202,149.2323130830191,150.15779766600463,left,1,1.16436049900949,None,,,,,ogumus,001,26,2026-05-07_12h53.58.938,stroop_group,,2026.1.3,119.82415806218505,2026-05-07 12h53.59.001094 +0300,
EN,green,green,down,1,45,9,3,,,,,down,1,2.5860068329784553,None,,,,,3,9,45,2,150.16533641601563,,,,,,,,,,,,,,,150.15855716602528,150.6489531250263,150.6489531250263,150.89064554101788,153.2412249580084,down,1,2.5860068329784553,None,,,,,ogumus,001,26,2026-05-07_12h53.58.938,stroop_group,,2026.1.3,119.82415806218505,2026-05-07 12h53.59.001094 +0300,
TR,yeşil,green,down,1,46,10,3,,,,,down,1,0.4491705829859711,None,,,,,3,10,46,8,153.24862241602386,,,,,,,,,,,,,,,153.24202050000895,153.73202125000535,153.73202125000535,153.97398120802245,154.18289529101457,down,1,0.4491705829859711,None,,,,,ogumus,001,26,2026-05-07_12h53.58.938,stroop_group,,2026.1.3,119.82415806218505,2026-05-07 12h53.59.001094 +0300,
TR,kırmızı,green,down,0,47,11,3,,,,,down,1,0.410156541998731,None,,,,,3,11,47,7,154.1906401660235,,,,,,,,,,,,,,,154.183901625016,154.6739270000253,154.6739270000253,154.9155907080276,155.09149133300525,down,1,0.410156541998731,None,,,,,ogumus,001,26,2026-05-07_12h53.58.938,stroop_group,,2026.1.3,119.82415806218505,2026-05-07 12h53.59.001094 +0300,
EN,green,blue,right,0,48,0,4,,,,,right,1,0.5246174990024883,None,,,,,4,0,48,3,155.0989861660055,,,,,,,,,,,,,,,155.09228116602753,155.5822745830228,155.5822745830228,155.82396250002785,156.10787304100813,right,1,0.5246174990024883,None,,,,,ogumus,001,26,2026-05-07_12h53.58.938,stroop_group,,2026.1.3,119.82415806218505,2026-05-07 12h53.59.001094 +0300,
EN,blue,blue,right,1,49,1,4,,,,,right,1,0.4528748739976436,None,,,,,4,1,49,4,156.11564841601648,,,,,,,,,,,,,,,156.10853200001293,156.59898654100834,156.59898654100834,156.84025316601037,157.05818779100082,right,1,0.4528748739976436,None,,,,,ogumus,001,26,2026-05-07_12h53.58.938,stroop_group,,2026.1.3,119.82415806218505,2026-05-07 12h53.59.001094 +0300,
TR,yeşil,green,down,1,50,2,4,,,,,down,1,0.5099136249918956,None,,,,,4,2,50,8,157.06558008302818,,,,,,,,,,,,,,,157.05895345800673,157.54892729100538,157.54892729100538,157.79061283302144,158.06645704101538,down,1,0.5099136249918956,None,,,,,ogumus,001,26,2026-05-07_12h53.58.938,stroop_group,,2026.1.3,119.82415806218505,2026-05-07 12h53.59.001094 +0300,
TR,mavi,red,left,0,51,3,4,,,,,left,1,0.564614500006428,None,,,,,4,3,51,11,158.0738860410056,,,,,,,,,,,,,,,158.0671581660281,158.55721404100768,158.55721404100768,158.79896641601226,159.12475154100684,left,1,0.564614500006428,None,,,,,ogumus,001,26,2026-05-07_12h53.58.938,stroop_group,,2026.1.3,119.82415806218505,2026-05-07 12h53.59.001094 +0300,
EN,blue,red,left,0,52,4,4,,,,,left,1,0.4952685830066912,None,,,,,4,4,52,5,159.1322078750236,,,,,,,,,,,,,,,159.1255160830042,159.61553175002337,159.61553175002337,159.85719283300568,160.11640241602436,left,1,0.4952685830066912,None,,,,,ogumus,001,26,2026-05-07_12h53.58.938,stroop_group,,2026.1.3,119.82415806218505,2026-05-07 12h53.59.001094 +0300,
TR,kırmızı,green,down,0,53,5,4,,,,,down,1,0.7225049579865299,None,,,,,4,5,53,7,160.12388812500285,,,,,,,,,,,,,,,160.11720912501914,160.60724966600537,160.60724966600537,160.84887316601817,161.33311358300853,down,1,0.7225049579865299,None,,,,,ogumus,001,26,2026-05-07_12h53.58.938,stroop_group,,2026.1.3,119.82415806218505,2026-05-07 12h53.59.001094 +0300,
EN,green,green,down,1,54,6,4,,,,,down,1,0.40483891699113883,None,,,,,4,6,54,2,161.34055633301614,,,,,,,,,,,,,,,161.33393245801562,161.82390737501555,161.82390737501555,162.06541608300176,162.2328443750157,down,1,0.40483891699113883,None,,,,,ogumus,001,26,2026-05-07_12h53.58.938,stroop_group,,2026.1.3,119.82415806218505,2026-05-07 12h53.59.001094 +0300,
EN,red,red,left,1,55,7,4,,,,,left,1,0.5308207499911077,None,,,,,4,7,55,0,162.24057383302716,,,,,,,,,,,,,,,162.23349258300732,162.7238967080193,162.7238967080193,162.96557741600554,163.25807583300048,left,1,0.5308207499911077,None,,,,,ogumus,001,26,2026-05-07_12h53.58.938,stroop_group,,2026.1.3,119.82415806218505,2026-05-07 12h53.59.001094 +0300,
TR,kırmızı,red,left,1,56,8,4,,,,,left,1,0.5336321659851819,None,,,,,4,8,56,6,163.26554704102455,,,,,,,,,,,,,,,163.25885066602495,163.7570425000158,163.7570425000158,163.99890262502595,164.29136162501527,left,1,0.5336321659851819,None,,,,,ogumus,001,26,2026-05-07_12h53.58.938,stroop_group,,2026.1.3,119.82415806218505,2026-05-07 12h53.59.001094 +0300,
TR,yeşil,blue,right,0,57,9,4,,,,,right,1,1.0884764170041308,None,,,,,4,9,57,9,164.29884708300233,,,,,,,,,,,,,,,164.29208662500605,164.7821707080002,164.7821707080002,165.0238677910238,165.874515375006,right,1,1.0884764170041308,None,,,,,ogumus,001,26,2026-05-07_12h53.58.938,stroop_group,,2026.1.3,119.82415806218505,2026-05-07 12h53.59.001094 +0300,
EN,red,green,down,0,58,10,4,,,,,down,1,0.615051458007656,None,,,,,4,10,58,1,165.88217945801443,,,,,,,,,,,,,,,165.8752119160199,166.3655533750134,166.3655533750134,166.60716995800612,166.9830151660135,down,1,0.615051458007656,None,,,,,ogumus,001,26,2026-05-07_12h53.58.938,stroop_group,,2026.1.3,119.82415806218505,2026-05-07 12h53.59.001094 +0300,
TR,mavi,blue,right,1,59,11,4,,,,,right,1,0.6944075830106158,None,,,,,4,11,59,10,166.99052158300765,,,,,,,,,,,,,,,166.98375520802801,167.48214966600062,167.48214966600062,167.72381750002387,168.1830186250154,right,1,0.6944075830106158,None,,,,,ogumus,001,26,2026-05-07_12h53.58.938,stroop_group,,2026.1.3,119.82415806218505,2026-05-07 12h53.59.001094 +0300,
,,,,,,,,,,,,,,,,,,,,,,,,,,,,,,,,,,,,,,,,,,,,,,,,168.1830614580249,168.1905390000029,170.18211887500365,170.17454891602392,ogumus,001,26,2026-05-07_12h53.58.938,stroop_group,,2026.1.3,119.82415806218505,2026-05-07 12h53.59.001094 +0300,
